timestamp_utc,timestamp,lat,lon,latitude,longitude,source_pixel_latitude,source_pixel_longitude,rainfall_mm,rainfall_rate_mm_per_hr,source,source_product,resolution_m,units,quality_flag,is_observed,is_forecast,is_fallback,mode
2022-09-01T00:15:00Z,2022-09-01T00:15:00Z,12.938051644393918,77.66,12.938051644393918,77.66,12.949191868562986,77.65869119208747,0.0,0.0,mosdac_insat3dr,3RIMG_L2B_IMC,4000,mm per 30-minute accumulation,valid_source_pixel,True,False,False,historical_observed_satellite_estimate
2022-09-01T00:15:00Z,2022-09-01T00:15:00Z,12.928051644393918,77.66,12.928051644393918,77.66,12.913014709012685,77.65869119208747,0.0,0.0,mosdac_insat3dr,3RIMG_L2B_IMC,4000,mm per 30-minute accumulation,valid_source_pixel,True,False,False,historical_observed_satellite_estimate
2022-09-01T00:45:00Z,2022-09-01T00:45:00Z,12.938051644393918,77.66,12.938051644393918,77.66,12.949191868562986,77.65869119208747,0.0,0.0,mosdac_insat3dr,3RIMG_L2B_IMC,4000,mm per 30-minute accumulation,valid_source_pixel,True,False,False,historical_observed_satellite_estimate
2022-09-01T00:45:00Z,2022-09-01T00:45:00Z,12.928051644393918,77.66,12.928051644393918,77.66,12.913014709012685,77.65869119208747,0.0,0.0,mosdac_insat3dr,3RIMG_L2B_IMC,4000,mm per 30-minute accumulation,valid_source_pixel,True,False,False,historical_observed_satellite_estimate
2022-09-01T01:15:00Z,2022-09-01T01:15:00Z,12.938051644393918,77.66,12.938051644393918,77.66,12.949191868562986,77.65869119208747,0.0,0.0,mosdac_insat3dr,3RIMG_L2B_IMC,4000,mm per 30-minute accumulation,valid_source_pixel,True,False,False,historical_observed_satellite_estimate
2022-09-01T01:15:00Z,2022-09-01T01:15:00Z,12.928051644393918,77.66,12.928051644393918,77.66,12.913014709012685,77.65869119208747,0.0,0.0,mosdac_insat3dr,3RIMG_L2B_IMC,4000,mm per 30-minute accumulation,valid_source_pixel,True,False,False,historical_observed_satellite_estimate
2022-09-01T01:45:00Z,2022-09-01T01:45:00Z,12.938051644393918,77.66,12.938051644393918,77.66,12.949191868562986,77.65869119208747,0.0,0.0,mosdac_insat3dr,3RIMG_L2B_IMC,4000,mm per 30-minute accumulation,valid_source_pixel,True,False,False,historical_observed_satellite_estimate
2022-09-01T01:45:00Z,2022-09-01T01:45:00Z,12.928051644393918,77.66,12.928051644393918,77.66,12.913014709012685,77.65869119208747,0.0,0.0,mosdac_insat3dr,3RIMG_L2B_IMC,4000,mm per 30-minute accumulation,valid_source_pixel,True,False,False,historical_observed_satellite_estimate
2022-09-01T02:15:00Z,2022-09-01T02:15:00Z,12.938051644393918,77.66,12.938051644393918,77.66,12.949191868562986,77.65869119208747,0.0,0.0,mosdac_insat3dr,3RIMG_L2B_IMC,4000,mm per 30-minute accumulation,valid_source_pixel,True,False,False,historical_observed_satellite_estimate
2022-09-01T02:15:00Z,2022-09-01T02:15:00Z,12.928051644393918,77.66,12.928051644393918,77.66,12.913014709012685,77.65869119208747,0.0,0.0,mosdac_insat3dr,3RIMG_L2B_IMC,4000,mm per 30-minute accumulation,valid_source_pixel,True,False,False,historical_observed_satellite_estimate
2022-09-01T02:45:00Z,2022-09-01T02:45:00Z,12.938051644393918,77.66,12.938051644393918,77.66,12.949191868562986,77.65869119208747,0.0,0.0,mosdac_insat3dr,3RIMG_L2B_IMC,4000,mm per 30-minute accumulation,valid_source_pixel,True,False,False,historical_observed_satellite_estimate
2022-09-01T02:45:00Z,2022-09-01T02:45:00Z,12.928051644393918,77.66,12.928051644393918,77.66,12.913014709012685,77.65869119208747,0.0,0.0,mosdac_insat3dr,3RIMG_L2B_IMC,4000,mm per 30-minute accumulation,valid_source_pixel,True,False,False,historical_observed_satellite_estimate
2022-09-01T03:15:00Z,2022-09-01T03:15:00Z,12.938051644393918,77.66,12.938051644393918,77.66,12.949191868562986,77.65869119208747,0.0,0.0,mosdac_insat3dr,3RIMG_L2B_IMC,4000,mm per 30-minute accumulation,valid_source_pixel,True,False,False,historical_observed_satellite_estimate
2022-09-01T03:15:00Z,2022-09-01T03:15:00Z,12.928051644393918,77.66,12.928051644393918,77.66,12.913014709012685,77.65869119208747,0.0,0.0,mosdac_insat3dr,3RIMG_L2B_IMC,4000,mm per 30-minute accumulation,valid_source_pixel,True,False,False,historical_observed_satellite_estimate
2022-09-01T03:45:00Z,2022-09-01T03:45:00Z,12.938051644393918,77.66,12.938051644393918,77.66,12.949191868562986,77.65869119208747,0.0,0.0,mosdac_insat3dr,3RIMG_L2B_IMC,4000,mm per 30-minute accumulation,valid_source_pixel,True,False,False,historical_observed_satellite_estimate
2022-09-01T03:45:00Z,2022-09-01T03:45:00Z,12.928051644393918,77.66,12.928051644393918,77.66,12.913014709012685,77.65869119208747,0.0,0.0,mosdac_insat3dr,3RIMG_L2B_IMC,4000,mm per 30-minute accumulation,valid_source_pixel,True,False,False,historical_observed_satellite_estimate
2022-09-01T04:15:00Z,2022-09-01T04:15:00Z,12.938051644393918,77.66,12.938051644393918,77.66,12.949191868562986,77.65869119208747,0.0,0.0,mosdac_insat3dr,3RIMG_L2B_IMC,4000,mm per 30-minute accumulation,valid_source_pixel,True,False,False,historical_observed_satellite_estimate
2022-09-01T04:15:00Z,2022-09-01T04:15:00Z,12.928051644393918,77.66,12.928051644393918,77.66,12.913014709012685,77.65869119208747,0.0,0.0,mosdac_insat3dr,3RIMG_L2B_IMC,4000,mm per 30-minute accumulation,valid_source_pixel,True,False,False,historical_observed_satellite_estimate
2022-09-01T04:45:00Z,2022-09-01T04:45:00Z,12.938051644393918,77.66,12.938051644393918,77.66,12.949191868562986,77.65869119208747,0.0,0.0,mosdac_insat3dr,3RIMG_L2B_IMC,4000,mm per 30-minute accumulation,valid_source_pixel,True,False,False,historical_observed_satellite_estimate
2022-09-01T04:45:00Z,2022-09-01T04:45:00Z,12.928051644393918,77.66,12.928051644393918,77.66,12.913014709012685,77.65869119208747,0.0,0.0,mosdac_insat3dr,3RIMG_L2B_IMC,4000,mm per 30-minute accumulation,valid_source_pixel,True,False,False,historical_observed_satellite_estimate
2022-09-01T05:15:00Z,2022-09-01T05:15:00Z,12.938051644393918,77.66,12.938051644393918,77.66,12.949191868562986,77.65869119208747,0.0,0.0,mosdac_insat3dr,3RIMG_L2B_IMC,4000,mm per 30-minute accumulation,valid_source_pixel,True,False,False,historical_observed_satellite_estimate
2022-09-01T05:15:00Z,2022-09-01T05:15:00Z,12.928051644393918,77.66,12.928051644393918,77.66,12.913014709012685,77.65869119208747,0.0,0.0,mosdac_insat3dr,3RIMG_L2B_IMC,4000,mm per 30-minute accumulation,valid_source_pixel,True,False,False,historical_observed_satellite_estimate
2022-09-01T05:45:00Z,2022-09-01T05:45:00Z,12.938051644393918,77.66,12.938051644393918,77.66,12.949191868562986,77.65869119208747,0.0,0.0,mosdac_insat3dr,3RIMG_L2B_IMC,4000,mm per 30-minute accumulation,valid_source_pixel,True,False,False,historical_observed_satellite_estimate
2022-09-01T05:45:00Z,2022-09-01T05:45:00Z,12.928051644393918,77.66,12.928051644393918,77.66,12.913014709012685,77.65869119208747,0.0,0.0,mosdac_insat3dr,3RIMG_L2B_IMC,4000,mm per 30-minute accumulation,valid_source_pixel,True,False,False,historical_observed_satellite_estimate
2022-09-01T06:15:00Z,2022-09-01T06:15:00Z,12.938051644393918,77.66,12.938051644393918,77.66,12.949191868562986,77.65869119208747,0.0,0.0,mosdac_insat3dr,3RIMG_L2B_IMC,4000,mm per 30-minute accumulation,valid_source_pixel,True,False,False,historical_observed_satellite_estimate
2022-09-01T06:15:00Z,2022-09-01T06:15:00Z,12.928051644393918,77.66,12.928051644393918,77.66,12.913014709012685,77.65869119208747,0.0,0.0,mosdac_insat3dr,3RIMG_L2B_IMC,4000,mm per 30-minute accumulation,valid_source_pixel,True,False,False,historical_observed_satellite_estimate
2022-09-01T06:45:00Z,2022-09-01T06:45:00Z,12.938051644393918,77.66,12.938051644393918,77.66,12.949191868562986,77.65869119208747,0.0,0.0,mosdac_insat3dr,3RIMG_L2B_IMC,4000,mm per 30-minute accumulation,valid_source_pixel,True,False,False,historical_observed_satellite_estimate
2022-09-01T06:45:00Z,2022-09-01T06:45:00Z,12.928051644393918,77.66,12.928051644393918,77.66,12.913014709012685,77.65869119208747,0.19044555723667145,0.3808911144733429,mosdac_insat3dr,3RIMG_L2B_IMC,4000,mm per 30-minute accumulation,valid_source_pixel,True,False,False,historical_observed_satellite_estimate
2022-09-01T07:15:00Z,2022-09-01T07:15:00Z,12.938051644393918,77.66,12.938051644393918,77.66,12.949191868562986,77.65869119208747,0.029577050358057022,0.059154100716114044,mosdac_insat3dr,3RIMG_L2B_IMC,4000,mm per 30-minute accumulation,valid_source_pixel,True,False,False,historical_observed_satellite_estimate
2022-09-01T07:15:00Z,2022-09-01T07:15:00Z,12.928051644393918,77.66,12.928051644393918,77.66,12.913014709012685,77.65869119208747,0.030558863654732704,0.06111772730946541,mosdac_insat3dr,3RIMG_L2B_IMC,4000,mm per 30-minute accumulation,valid_source_pixel,True,False,False,historical_observed_satellite_estimate
2022-09-01T07:45:00Z,2022-09-01T07:45:00Z,12.938051644393918,77.66,12.938051644393918,77.66,12.949191868562986,77.65869119208747,0.38011497259140015,0.7602299451828003,mosdac_insat3dr,3RIMG_L2B_IMC,4000,mm per 30-minute accumulation,valid_source_pixel,True,False,False,historical_observed_satellite_estimate
2022-09-01T07:45:00Z,2022-09-01T07:45:00Z,12.928051644393918,77.66,12.928051644393918,77.66,12.913014709012685,77.65869119208747,0.5579800009727478,1.1159600019454956,mosdac_insat3dr,3RIMG_L2B_IMC,4000,mm per 30-minute accumulation,valid_source_pixel,True,False,False,historical_observed_satellite_estimate
2022-09-01T08:15:00Z,2022-09-01T08:15:00Z,12.938051644393918,77.66,12.938051644393918,77.66,12.949191868562986,77.65869119208747,0.18896819651126862,0.37793639302253723,mosdac_insat3dr,3RIMG_L2B_IMC,4000,mm per 30-minute accumulation,valid_source_pixel,True,False,False,historical_observed_satellite_estimate
2022-09-01T08:15:00Z,2022-09-01T08:15:00Z,12.928051644393918,77.66,12.928051644393918,77.66,12.913014709012685,77.65869119208747,0.23567815124988556,0.4713563024997711,mosdac_insat3dr,3RIMG_L2B_IMC,4000,mm per 30-minute accumulation,valid_source_pixel,True,False,False,historical_observed_satellite_estimate
2022-09-01T08:45:00Z,2022-09-01T08:45:00Z,12.938051644393918,77.66,12.938051644393918,77.66,12.949191868562986,77.65869119208747,2.458010196685791,4.916020393371582,mosdac_insat3dr,3RIMG_L2B_IMC,4000,mm per 30-minute accumulation,valid_source_pixel,True,False,False,historical_observed_satellite_estimate
2022-09-01T08:45:00Z,2022-09-01T08:45:00Z,12.928051644393918,77.66,12.928051644393918,77.66,12.913014709012685,77.65869119208747,2.4291203022003174,4.858240604400635,mosdac_insat3dr,3RIMG_L2B_IMC,4000,mm per 30-minute accumulation,valid_source_pixel,True,False,False,historical_observed_satellite_estimate
2022-09-01T09:15:00Z,2022-09-01T09:15:00Z,12.938051644393918,77.66,12.938051644393918,77.66,12.949191868562986,77.65869119208747,0.25337618589401245,0.5067523717880249,mosdac_insat3dr,3RIMG_L2B_IMC,4000,mm per 30-minute accumulation,valid_source_pixel,True,False,False,historical_observed_satellite_estimate
2022-09-01T09:15:00Z,2022-09-01T09:15:00Z,12.928051644393918,77.66,12.928051644393918,77.66,12.913014709012685,77.65869119208747,0.249034121632576,0.498068243265152,mosdac_insat3dr,3RIMG_L2B_IMC,4000,mm per 30-minute accumulation,valid_source_pixel,True,False,False,historical_observed_satellite_estimate
2022-09-01T09:45:00Z,2022-09-01T09:45:00Z,12.938051644393918,77.66,12.938051644393918,77.66,12.949191868562986,77.65869119208747,0.24226494133472443,0.48452988266944885,mosdac_insat3dr,3RIMG_L2B_IMC,4000,mm per 30-minute accumulation,valid_source_pixel,True,False,False,historical_observed_satellite_estimate
2022-09-01T09:45:00Z,2022-09-01T09:45:00Z,12.928051644393918,77.66,12.928051644393918,77.66,12.913014709012685,77.65869119208747,0.22997546195983887,0.45995092391967773,mosdac_insat3dr,3RIMG_L2B_IMC,4000,mm per 30-minute accumulation,valid_source_pixel,True,False,False,historical_observed_satellite_estimate
2022-09-01T10:15:00Z,2022-09-01T10:15:00Z,12.938051644393918,77.66,12.938051644393918,77.66,12.949191868562986,77.65869119208747,0.12369922548532486,0.24739845097064972,mosdac_insat3dr,3RIMG_L2B_IMC,4000,mm per 30-minute accumulation,valid_source_pixel,True,False,False,historical_observed_satellite_estimate
2022-09-01T10:15:00Z,2022-09-01T10:15:00Z,12.928051644393918,77.66,12.928051644393918,77.66,12.913014709012685,77.65869119208747,0.11844784021377563,0.23689568042755127,mosdac_insat3dr,3RIMG_L2B_IMC,4000,mm per 30-minute accumulation,valid_source_pixel,True,False,False,historical_observed_satellite_estimate
2022-09-01T10:45:00Z,2022-09-01T10:45:00Z,12.938051644393918,77.66,12.938051644393918,77.66,12.949191868562986,77.65869119208747,0.08765459805727005,0.1753091961145401,mosdac_insat3dr,3RIMG_L2B_IMC,4000,mm per 30-minute accumulation,valid_source_pixel,True,False,False,historical_observed_satellite_estimate
2022-09-01T10:45:00Z,2022-09-01T10:45:00Z,12.928051644393918,77.66,12.928051644393918,77.66,12.913014709012685,77.65869119208747,0.1001306101679802,0.2002612203359604,mosdac_insat3dr,3RIMG_L2B_IMC,4000,mm per 30-minute accumulation,valid_source_pixel,True,False,False,historical_observed_satellite_estimate
2022-09-01T11:15:00Z,2022-09-01T11:15:00Z,12.938051644393918,77.66,12.938051644393918,77.66,12.949191868562986,77.65869119208747,0.07529570907354355,0.1505914181470871,mosdac_insat3dr,3RIMG_L2B_IMC,4000,mm per 30-minute accumulation,valid_source_pixel,True,False,False,historical_observed_satellite_estimate
2022-09-01T11:15:00Z,2022-09-01T11:15:00Z,12.928051644393918,77.66,12.928051644393918,77.66,12.913014709012685,77.65869119208747,0.06904830038547516,0.13809660077095032,mosdac_insat3dr,3RIMG_L2B_IMC,4000,mm per 30-minute accumulation,valid_source_pixel,True,False,False,historical_observed_satellite_estimate
2022-09-01T11:45:00Z,2022-09-01T11:45:00Z,12.938051644393918,77.66,12.938051644393918,77.66,12.949191868562986,77.65869119208747,0.05498412996530533,0.10996825993061066,mosdac_insat3dr,3RIMG_L2B_IMC,4000,mm per 30-minute accumulation,valid_source_pixel,True,False,False,historical_observed_satellite_estimate
2022-09-01T11:45:00Z,2022-09-01T11:45:00Z,12.928051644393918,77.66,12.928051644393918,77.66,12.913014709012685,77.65869119208747,0.046575017273426056,0.09315003454685211,mosdac_insat3dr,3RIMG_L2B_IMC,4000,mm per 30-minute accumulation,valid_source_pixel,True,False,False,historical_observed_satellite_estimate
2022-09-01T12:15:00Z,2022-09-01T12:15:00Z,12.938051644393918,77.66,12.938051644393918,77.66,12.949191868562986,77.65869119208747,0.30995845794677734,0.6199169158935547,mosdac_insat3dr,3RIMG_L2B_IMC,4000,mm per 30-minute accumulation,valid_source_pixel,True,False,False,historical_observed_satellite_estimate
2022-09-01T12:15:00Z,2022-09-01T12:15:00Z,12.928051644393918,77.66,12.928051644393918,77.66,12.913014709012685,77.65869119208747,0.31899285316467285,0.6379857063293457,mosdac_insat3dr,3RIMG_L2B_IMC,4000,mm per 30-minute accumulation,valid_source_pixel,True,False,False,historical_observed_satellite_estimate
2022-09-01T12:45:00Z,2022-09-01T12:45:00Z,12.938051644393918,77.66,12.938051644393918,77.66,12.949191868562986,77.65869119208747,0.01598704420030117,0.03197408840060234,mosdac_insat3dr,3RIMG_L2B_IMC,4000,mm per 30-minute accumulation,valid_source_pixel,True,False,False,historical_observed_satellite_estimate
2022-09-01T12:45:00Z,2022-09-01T12:45:00Z,12.928051644393918,77.66,12.928051644393918,77.66,12.913014709012685,77.65869119208747,0.018299056217074394,0.03659811243414879,mosdac_insat3dr,3RIMG_L2B_IMC,4000,mm per 30-minute accumulation,valid_source_pixel,True,False,False,historical_observed_satellite_estimate
2022-09-01T13:15:00Z,2022-09-01T13:15:00Z,12.938051644393918,77.66,12.938051644393918,77.66,12.949191868562986,77.65869119208747,0.0,0.0,mosdac_insat3dr,3RIMG_L2B_IMC,4000,mm per 30-minute accumulation,valid_source_pixel,True,False,False,historical_observed_satellite_estimate
2022-09-01T13:15:00Z,2022-09-01T13:15:00Z,12.928051644393918,77.66,12.928051644393918,77.66,12.913014709012685,77.65869119208747,0.0,0.0,mosdac_insat3dr,3RIMG_L2B_IMC,4000,mm per 30-minute accumulation,valid_source_pixel,True,False,False,historical_observed_satellite_estimate
2022-09-01T13:45:00Z,2022-09-01T13:45:00Z,12.938051644393918,77.66,12.938051644393918,77.66,12.949191868562986,77.65869119208747,0.0,0.0,mosdac_insat3dr,3RIMG_L2B_IMC,4000,mm per 30-minute accumulation,valid_source_pixel,True,False,False,historical_observed_satellite_estimate
2022-09-01T13:45:00Z,2022-09-01T13:45:00Z,12.928051644393918,77.66,12.928051644393918,77.66,12.913014709012685,77.65869119208747,0.0,0.0,mosdac_insat3dr,3RIMG_L2B_IMC,4000,mm per 30-minute accumulation,valid_source_pixel,True,False,False,historical_observed_satellite_estimate
2022-09-01T14:15:00Z,2022-09-01T14:15:00Z,12.938051644393918,77.66,12.938051644393918,77.66,12.949191868562986,77.65869119208747,0.0,0.0,mosdac_insat3dr,3RIMG_L2B_IMC,4000,mm per 30-minute accumulation,valid_source_pixel,True,False,False,historical_observed_satellite_estimate
2022-09-01T14:15:00Z,2022-09-01T14:15:00Z,12.928051644393918,77.66,12.928051644393918,77.66,12.913014709012685,77.65869119208747,0.0,0.0,mosdac_insat3dr,3RIMG_L2B_IMC,4000,mm per 30-minute accumulation,valid_source_pixel,True,False,False,historical_observed_satellite_estimate
2022-09-01T14:45:00Z,2022-09-01T14:45:00Z,12.938051644393918,77.66,12.938051644393918,77.66,12.949191868562986,77.65869119208747,0.0,0.0,mosdac_insat3dr,3RIMG_L2B_IMC,4000,mm per 30-minute accumulation,valid_source_pixel,True,False,False,historical_observed_satellite_estimate
2022-09-01T14:45:00Z,2022-09-01T14:45:00Z,12.928051644393918,77.66,12.928051644393918,77.66,12.913014709012685,77.65869119208747,0.0,0.0,mosdac_insat3dr,3RIMG_L2B_IMC,4000,mm per 30-minute accumulation,valid_source_pixel,True,False,False,historical_observed_satellite_estimate
2022-09-01T15:15:00Z,2022-09-01T15:15:00Z,12.938051644393918,77.66,12.938051644393918,77.66,12.949191868562986,77.65869119208747,0.0,0.0,mosdac_insat3dr,3RIMG_L2B_IMC,4000,mm per 30-minute accumulation,valid_source_pixel,True,False,False,historical_observed_satellite_estimate
2022-09-01T15:15:00Z,2022-09-01T15:15:00Z,12.928051644393918,77.66,12.928051644393918,77.66,12.913014709012685,77.65869119208747,0.0,0.0,mosdac_insat3dr,3RIMG_L2B_IMC,4000,mm per 30-minute accumulation,valid_source_pixel,True,False,False,historical_observed_satellite_estimate
2022-09-01T15:45:00Z,2022-09-01T15:45:00Z,12.938051644393918,77.66,12.938051644393918,77.66,12.949191868562986,77.65869119208747,0.0,0.0,mosdac_insat3dr,3RIMG_L2B_IMC,4000,mm per 30-minute accumulation,valid_source_pixel,True,False,False,historical_observed_satellite_estimate
2022-09-01T15:45:00Z,2022-09-01T15:45:00Z,12.928051644393918,77.66,12.928051644393918,77.66,12.913014709012685,77.65869119208747,0.0,0.0,mosdac_insat3dr,3RIMG_L2B_IMC,4000,mm per 30-minute accumulation,valid_source_pixel,True,False,False,historical_observed_satellite_estimate
2022-09-01T16:15:00Z,2022-09-01T16:15:00Z,12.938051644393918,77.66,12.938051644393918,77.66,12.949191868562986,77.65869119208747,0.0,0.0,mosdac_insat3dr,3RIMG_L2B_IMC,4000,mm per 30-minute accumulation,valid_source_pixel,True,False,False,historical_observed_satellite_estimate
2022-09-01T16:15:00Z,2022-09-01T16:15:00Z,12.928051644393918,77.66,12.928051644393918,77.66,12.913014709012685,77.65869119208747,0.0,0.0,mosdac_insat3dr,3RIMG_L2B_IMC,4000,mm per 30-minute accumulation,valid_source_pixel,True,False,False,historical_observed_satellite_estimate
2022-09-01T16:45:00Z,2022-09-01T16:45:00Z,12.938051644393918,77.66,12.938051644393918,77.66,12.949191868562986,77.65869119208747,0.0,0.0,mosdac_insat3dr,3RIMG_L2B_IMC,4000,mm per 30-minute accumulation,valid_source_pixel,True,False,False,historical_observed_satellite_estimate
2022-09-01T16:45:00Z,2022-09-01T16:45:00Z,12.928051644393918,77.66,12.928051644393918,77.66,12.913014709012685,77.65869119208747,0.0,0.0,mosdac_insat3dr,3RIMG_L2B_IMC,4000,mm per 30-minute accumulation,valid_source_pixel,True,False,False,historical_observed_satellite_estimate
2022-09-01T22:15:00Z,2022-09-01T22:15:00Z,12.938051644393918,77.66,12.938051644393918,77.66,12.949191868562986,77.65869119208747,0.0,0.0,mosdac_insat3dr,3RIMG_L2B_IMC,4000,mm per 30-minute accumulation,valid_source_pixel,True,False,False,historical_observed_satellite_estimate
2022-09-01T22:15:00Z,2022-09-01T22:15:00Z,12.928051644393918,77.66,12.928051644393918,77.66,12.913014709012685,77.65869119208747,0.0,0.0,mosdac_insat3dr,3RIMG_L2B_IMC,4000,mm per 30-minute accumulation,valid_source_pixel,True,False,False,historical_observed_satellite_estimate
2022-09-01T22:45:00Z,2022-09-01T22:45:00Z,12.938051644393918,77.66,12.938051644393918,77.66,12.949191868562986,77.65869119208747,0.0,0.0,mosdac_insat3dr,3RIMG_L2B_IMC,4000,mm per 30-minute accumulation,valid_source_pixel,True,False,False,historical_observed_satellite_estimate
2022-09-01T22:45:00Z,2022-09-01T22:45:00Z,12.928051644393918,77.66,12.928051644393918,77.66,12.913014709012685,77.65869119208747,0.0,0.0,mosdac_insat3dr,3RIMG_L2B_IMC,4000,mm per 30-minute accumulation,valid_source_pixel,True,False,False,historical_observed_satellite_estimate
2022-09-01T23:15:00Z,2022-09-01T23:15:00Z,12.938051644393918,77.66,12.938051644393918,77.66,12.949191868562986,77.65869119208747,0.0,0.0,mosdac_insat3dr,3RIMG_L2B_IMC,4000,mm per 30-minute accumulation,valid_source_pixel,True,False,False,historical_observed_satellite_estimate
2022-09-01T23:15:00Z,2022-09-01T23:15:00Z,12.928051644393918,77.66,12.928051644393918,77.66,12.913014709012685,77.65869119208747,0.0,0.0,mosdac_insat3dr,3RIMG_L2B_IMC,4000,mm per 30-minute accumulation,valid_source_pixel,True,False,False,historical_observed_satellite_estimate
2022-09-01T23:45:00Z,2022-09-01T23:45:00Z,12.938051644393918,77.66,12.938051644393918,77.66,12.949191868562986,77.65869119208747,0.0,0.0,mosdac_insat3dr,3RIMG_L2B_IMC,4000,mm per 30-minute accumulation,valid_source_pixel,True,False,False,historical_observed_satellite_estimate
2022-09-01T23:45:00Z,2022-09-01T23:45:00Z,12.928051644393918,77.66,12.928051644393918,77.66,12.913014709012685,77.65869119208747,0.0,0.0,mosdac_insat3dr,3RIMG_L2B_IMC,4000,mm per 30-minute accumulation,valid_source_pixel,True,False,False,historical_observed_satellite_estimate
2022-09-02T00:15:00Z,2022-09-02T00:15:00Z,12.938051644393918,77.66,12.938051644393918,77.66,12.949191868562986,77.65869119208747,0.0,0.0,mosdac_insat3dr,3RIMG_L2B_IMC,4000,mm per 30-minute accumulation,valid_source_pixel,True,False,False,historical_observed_satellite_estimate
2022-09-02T00:15:00Z,2022-09-02T00:15:00Z,12.928051644393918,77.66,12.928051644393918,77.66,12.913014709012685,77.65869119208747,0.0,0.0,mosdac_insat3dr,3RIMG_L2B_IMC,4000,mm per 30-minute accumulation,valid_source_pixel,True,False,False,historical_observed_satellite_estimate
2022-09-02T00:45:00Z,2022-09-02T00:45:00Z,12.938051644393918,77.66,12.938051644393918,77.66,12.949191868562986,77.65869119208747,0.0,0.0,mosdac_insat3dr,3RIMG_L2B_IMC,4000,mm per 30-minute accumulation,valid_source_pixel,True,False,False,historical_observed_satellite_estimate
2022-09-02T00:45:00Z,2022-09-02T00:45:00Z,12.928051644393918,77.66,12.928051644393918,77.66,12.913014709012685,77.65869119208747,0.0,0.0,mosdac_insat3dr,3RIMG_L2B_IMC,4000,mm per 30-minute accumulation,valid_source_pixel,True,False,False,historical_observed_satellite_estimate
2022-09-02T01:15:00Z,2022-09-02T01:15:00Z,12.938051644393918,77.66,12.938051644393918,77.66,12.949191868562986,77.65869119208747,0.0,0.0,mosdac_insat3dr,3RIMG_L2B_IMC,4000,mm per 30-minute accumulation,valid_source_pixel,True,False,False,historical_observed_satellite_estimate
2022-09-02T01:15:00Z,2022-09-02T01:15:00Z,12.928051644393918,77.66,12.928051644393918,77.66,12.913014709012685,77.65869119208747,0.0,0.0,mosdac_insat3dr,3RIMG_L2B_IMC,4000,mm per 30-minute accumulation,valid_source_pixel,True,False,False,historical_observed_satellite_estimate
2022-09-02T01:45:00Z,2022-09-02T01:45:00Z,12.938051644393918,77.66,12.938051644393918,77.66,12.949191868562986,77.65869119208747,0.0,0.0,mosdac_insat3dr,3RIMG_L2B_IMC,4000,mm per 30-minute accumulation,valid_source_pixel,True,False,False,historical_observed_satellite_estimate
2022-09-02T01:45:00Z,2022-09-02T01:45:00Z,12.928051644393918,77.66,12.928051644393918,77.66,12.913014709012685,77.65869119208747,0.0,0.0,mosdac_insat3dr,3RIMG_L2B_IMC,4000,mm per 30-minute accumulation,valid_source_pixel,True,False,False,historical_observed_satellite_estimate
2022-09-02T02:15:00Z,2022-09-02T02:15:00Z,12.938051644393918,77.66,12.938051644393918,77.66,12.949191868562986,77.65869119208747,0.0,0.0,mosdac_insat3dr,3RIMG_L2B_IMC,4000,mm per 30-minute accumulation,valid_source_pixel,True,False,False,historical_observed_satellite_estimate
2022-09-02T02:15:00Z,2022-09-02T02:15:00Z,12.928051644393918,77.66,12.928051644393918,77.66,12.913014709012685,77.65869119208747,0.0,0.0,mosdac_insat3dr,3RIMG_L2B_IMC,4000,mm per 30-minute accumulation,valid_source_pixel,True,False,False,historical_observed_satellite_estimate
2022-09-02T02:45:00Z,2022-09-02T02:45:00Z,12.938051644393918,77.66,12.938051644393918,77.66,12.949191868562986,77.65869119208747,0.0,0.0,mosdac_insat3dr,3RIMG_L2B_IMC,4000,mm per 30-minute accumulation,valid_source_pixel,True,False,False,historical_observed_satellite_estimate
2022-09-02T02:45:00Z,2022-09-02T02:45:00Z,12.928051644393918,77.66,12.928051644393918,77.66,12.913014709012685,77.65869119208747,0.0,0.0,mosdac_insat3dr,3RIMG_L2B_IMC,4000,mm per 30-minute accumulation,valid_source_pixel,True,False,False,historical_observed_satellite_estimate
2022-09-02T03:15:00Z,2022-09-02T03:15:00Z,12.938051644393918,77.66,12.938051644393918,77.66,12.949191868562986,77.65869119208747,0.0,0.0,mosdac_insat3dr,3RIMG_L2B_IMC,4000,mm per 30-minute accumulation,valid_source_pixel,True,False,False,historical_observed_satellite_estimate
2022-09-02T03:15:00Z,2022-09-02T03:15:00Z,12.928051644393918,77.66,12.928051644393918,77.66,12.913014709012685,77.65869119208747,0.0,0.0,mosdac_insat3dr,3RIMG_L2B_IMC,4000,mm per 30-minute accumulation,valid_source_pixel,True,False,False,historical_observed_satellite_estimate
2022-09-02T03:45:00Z,2022-09-02T03:45:00Z,12.938051644393918,77.66,12.938051644393918,77.66,12.949191868562986,77.65869119208747,0.0,0.0,mosdac_insat3dr,3RIMG_L2B_IMC,4000,mm per 30-minute accumulation,valid_source_pixel,True,False,False,historical_observed_satellite_estimate
2022-09-02T03:45:00Z,2022-09-02T03:45:00Z,12.928051644393918,77.66,12.928051644393918,77.66,12.913014709012685,77.65869119208747,0.0,0.0,mosdac_insat3dr,3RIMG_L2B_IMC,4000,mm per 30-minute accumulation,valid_source_pixel,True,False,False,historical_observed_satellite_estimate
2022-09-02T04:15:00Z,2022-09-02T04:15:00Z,12.938051644393918,77.66,12.938051644393918,77.66,12.949191868562986,77.65869119208747,0.0,0.0,mosdac_insat3dr,3RIMG_L2B_IMC,4000,mm per 30-minute accumulation,valid_source_pixel,True,False,False,historical_observed_satellite_estimate
2022-09-02T04:15:00Z,2022-09-02T04:15:00Z,12.928051644393918,77.66,12.928051644393918,77.66,12.913014709012685,77.65869119208747,0.0,0.0,mosdac_insat3dr,3RIMG_L2B_IMC,4000,mm per 30-minute accumulation,valid_source_pixel,True,False,False,historical_observed_satellite_estimate
2022-09-02T04:45:00Z,2022-09-02T04:45:00Z,12.938051644393918,77.66,12.938051644393918,77.66,12.949191868562986,77.65869119208747,0.0,0.0,mosdac_insat3dr,3RIMG_L2B_IMC,4000,mm per 30-minute accumulation,valid_source_pixel,True,False,False,historical_observed_satellite_estimate
2022-09-02T04:45:00Z,2022-09-02T04:45:00Z,12.928051644393918,77.66,12.928051644393918,77.66,12.913014709012685,77.65869119208747,0.0,0.0,mosdac_insat3dr,3RIMG_L2B_IMC,4000,mm per 30-minute accumulation,valid_source_pixel,True,False,False,historical_observed_satellite_estimate
2022-09-02T05:15:00Z,2022-09-02T05:15:00Z,12.938051644393918,77.66,12.938051644393918,77.66,12.949191868562986,77.65869119208747,0.0,0.0,mosdac_insat3dr,3RIMG_L2B_IMC,4000,mm per 30-minute accumulation,valid_source_pixel,True,False,False,historical_observed_satellite_estimate
2022-09-02T05:15:00Z,2022-09-02T05:15:00Z,12.928051644393918,77.66,12.928051644393918,77.66,12.913014709012685,77.65869119208747,0.0,0.0,mosdac_insat3dr,3RIMG_L2B_IMC,4000,mm per 30-minute accumulation,valid_source_pixel,True,False,False,historical_observed_satellite_estimate
2022-09-02T05:45:00Z,2022-09-02T05:45:00Z,12.938051644393918,77.66,12.938051644393918,77.66,12.949191868562986,77.65869119208747,0.0,0.0,mosdac_insat3dr,3RIMG_L2B_IMC,4000,mm per 30-minute accumulation,valid_source_pixel,True,False,False,historical_observed_satellite_estimate
2022-09-02T05:45:00Z,2022-09-02T05:45:00Z,12.928051644393918,77.66,12.928051644393918,77.66,12.913014709012685,77.65869119208747,0.0,0.0,mosdac_insat3dr,3RIMG_L2B_IMC,4000,mm per 30-minute accumulation,valid_source_pixel,True,False,False,historical_observed_satellite_estimate
2022-09-02T06:15:00Z,2022-09-02T06:15:00Z,12.938051644393918,77.66,12.938051644393918,77.66,12.949191868562986,77.65869119208747,0.0,0.0,mosdac_insat3dr,3RIMG_L2B_IMC,4000,mm per 30-minute accumulation,valid_source_pixel,True,False,False,historical_observed_satellite_estimate
2022-09-02T06:15:00Z,2022-09-02T06:15:00Z,12.928051644393918,77.66,12.928051644393918,77.66,12.913014709012685,77.65869119208747,0.0,0.0,mosdac_insat3dr,3RIMG_L2B_IMC,4000,mm per 30-minute accumulation,valid_source_pixel,True,False,False,historical_observed_satellite_estimate
2022-09-02T06:45:00Z,2022-09-02T06:45:00Z,12.938051644393918,77.66,12.938051644393918,77.66,12.949191868562986,77.65869119208747,0.0,0.0,mosdac_insat3dr,3RIMG_L2B_IMC,4000,mm per 30-minute accumulation,valid_source_pixel,True,False,False,historical_observed_satellite_estimate
2022-09-02T06:45:00Z,2022-09-02T06:45:00Z,12.928051644393918,77.66,12.928051644393918,77.66,12.913014709012685,77.65869119208747,0.0,0.0,mosdac_insat3dr,3RIMG_L2B_IMC,4000,mm per 30-minute accumulation,valid_source_pixel,True,False,False,historical_observed_satellite_estimate
2022-09-02T07:15:00Z,2022-09-02T07:15:00Z,12.938051644393918,77.66,12.938051644393918,77.66,12.949191868562986,77.65869119208747,0.0,0.0,mosdac_insat3dr,3RIMG_L2B_IMC,4000,mm per 30-minute accumulation,valid_source_pixel,True,False,False,historical_observed_satellite_estimate
2022-09-02T07:15:00Z,2022-09-02T07:15:00Z,12.928051644393918,77.66,12.928051644393918,77.66,12.913014709012685,77.65869119208747,0.0,0.0,mosdac_insat3dr,3RIMG_L2B_IMC,4000,mm per 30-minute accumulation,valid_source_pixel,True,False,False,historical_observed_satellite_estimate
2022-09-02T07:45:00Z,2022-09-02T07:45:00Z,12.938051644393918,77.66,12.938051644393918,77.66,12.949191868562986,77.65869119208747,0.0,0.0,mosdac_insat3dr,3RIMG_L2B_IMC,4000,mm per 30-minute accumulation,valid_source_pixel,True,False,False,historical_observed_satellite_estimate
2022-09-02T07:45:00Z,2022-09-02T07:45:00Z,12.928051644393918,77.66,12.928051644393918,77.66,12.913014709012685,77.65869119208747,0.0,0.0,mosdac_insat3dr,3RIMG_L2B_IMC,4000,mm per 30-minute accumulation,valid_source_pixel,True,False,False,historical_observed_satellite_estimate
2022-09-02T08:15:00Z,2022-09-02T08:15:00Z,12.938051644393918,77.66,12.938051644393918,77.66,12.949191868562986,77.65869119208747,0.0,0.0,mosdac_insat3dr,3RIMG_L2B_IMC,4000,mm per 30-minute accumulation,valid_source_pixel,True,False,False,historical_observed_satellite_estimate
2022-09-02T08:15:00Z,2022-09-02T08:15:00Z,12.928051644393918,77.66,12.928051644393918,77.66,12.913014709012685,77.65869119208747,0.0,0.0,mosdac_insat3dr,3RIMG_L2B_IMC,4000,mm per 30-minute accumulation,valid_source_pixel,True,False,False,historical_observed_satellite_estimate
2022-09-02T08:45:00Z,2022-09-02T08:45:00Z,12.938051644393918,77.66,12.938051644393918,77.66,12.949191868562986,77.65869119208747,0.0,0.0,mosdac_insat3dr,3RIMG_L2B_IMC,4000,mm per 30-minute accumulation,valid_source_pixel,True,False,False,historical_observed_satellite_estimate
2022-09-02T08:45:00Z,2022-09-02T08:45:00Z,12.928051644393918,77.66,12.928051644393918,77.66,12.913014709012685,77.65869119208747,0.0,0.0,mosdac_insat3dr,3RIMG_L2B_IMC,4000,mm per 30-minute accumulation,valid_source_pixel,True,False,False,historical_observed_satellite_estimate
2022-09-02T09:15:00Z,2022-09-02T09:15:00Z,12.938051644393918,77.66,12.938051644393918,77.66,12.949191868562986,77.65869119208747,0.0,0.0,mosdac_insat3dr,3RIMG_L2B_IMC,4000,mm per 30-minute accumulation,valid_source_pixel,True,False,False,historical_observed_satellite_estimate
2022-09-02T09:15:00Z,2022-09-02T09:15:00Z,12.928051644393918,77.66,12.928051644393918,77.66,12.913014709012685,77.65869119208747,0.0,0.0,mosdac_insat3dr,3RIMG_L2B_IMC,4000,mm per 30-minute accumulation,valid_source_pixel,True,False,False,historical_observed_satellite_estimate
2022-09-02T09:45:00Z,2022-09-02T09:45:00Z,12.938051644393918,77.66,12.938051644393918,77.66,12.949191868562986,77.65869119208747,0.0,0.0,mosdac_insat3dr,3RIMG_L2B_IMC,4000,mm per 30-minute accumulation,valid_source_pixel,True,False,False,historical_observed_satellite_estimate
2022-09-02T09:45:00Z,2022-09-02T09:45:00Z,12.928051644393918,77.66,12.928051644393918,77.66,12.913014709012685,77.65869119208747,0.0,0.0,mosdac_insat3dr,3RIMG_L2B_IMC,4000,mm per 30-minute accumulation,valid_source_pixel,True,False,False,historical_observed_satellite_estimate
2022-09-02T10:15:00Z,2022-09-02T10:15:00Z,12.938051644393918,77.66,12.938051644393918,77.66,12.949191868562986,77.65869119208747,0.0,0.0,mosdac_insat3dr,3RIMG_L2B_IMC,4000,mm per 30-minute accumulation,valid_source_pixel,True,False,False,historical_observed_satellite_estimate
2022-09-02T10:15:00Z,2022-09-02T10:15:00Z,12.928051644393918,77.66,12.928051644393918,77.66,12.913014709012685,77.65869119208747,0.0,0.0,mosdac_insat3dr,3RIMG_L2B_IMC,4000,mm per 30-minute accumulation,valid_source_pixel,True,False,False,historical_observed_satellite_estimate
2022-09-02T10:45:00Z,2022-09-02T10:45:00Z,12.938051644393918,77.66,12.938051644393918,77.66,12.949191868562986,77.65869119208747,0.0,0.0,mosdac_insat3dr,3RIMG_L2B_IMC,4000,mm per 30-minute accumulation,valid_source_pixel,True,False,False,historical_observed_satellite_estimate
2022-09-02T10:45:00Z,2022-09-02T10:45:00Z,12.928051644393918,77.66,12.928051644393918,77.66,12.913014709012685,77.65869119208747,0.0,0.0,mosdac_insat3dr,3RIMG_L2B_IMC,4000,mm per 30-minute accumulation,valid_source_pixel,True,False,False,historical_observed_satellite_estimate
2022-09-02T11:15:00Z,2022-09-02T11:15:00Z,12.938051644393918,77.66,12.938051644393918,77.66,12.949191868562986,77.65869119208747,0.0,0.0,mosdac_insat3dr,3RIMG_L2B_IMC,4000,mm per 30-minute accumulation,valid_source_pixel,True,False,False,historical_observed_satellite_estimate
2022-09-02T11:15:00Z,2022-09-02T11:15:00Z,12.928051644393918,77.66,12.928051644393918,77.66,12.913014709012685,77.65869119208747,0.0,0.0,mosdac_insat3dr,3RIMG_L2B_IMC,4000,mm per 30-minute accumulation,valid_source_pixel,True,False,False,historical_observed_satellite_estimate
2022-09-02T11:45:00Z,2022-09-02T11:45:00Z,12.938051644393918,77.66,12.938051644393918,77.66,12.949191868562986,77.65869119208747,0.0,0.0,mosdac_insat3dr,3RIMG_L2B_IMC,4000,mm per 30-minute accumulation,valid_source_pixel,True,False,False,historical_observed_satellite_estimate
2022-09-02T11:45:00Z,2022-09-02T11:45:00Z,12.928051644393918,77.66,12.928051644393918,77.66,12.913014709012685,77.65869119208747,0.0,0.0,mosdac_insat3dr,3RIMG_L2B_IMC,4000,mm per 30-minute accumulation,valid_source_pixel,True,False,False,historical_observed_satellite_estimate
2022-09-02T12:15:00Z,2022-09-02T12:15:00Z,12.938051644393918,77.66,12.938051644393918,77.66,12.949191868562986,77.65869119208747,0.0,0.0,mosdac_insat3dr,3RIMG_L2B_IMC,4000,mm per 30-minute accumulation,valid_source_pixel,True,False,False,historical_observed_satellite_estimate
2022-09-02T12:15:00Z,2022-09-02T12:15:00Z,12.928051644393918,77.66,12.928051644393918,77.66,12.913014709012685,77.65869119208747,0.0,0.0,mosdac_insat3dr,3RIMG_L2B_IMC,4000,mm per 30-minute accumulation,valid_source_pixel,True,False,False,historical_observed_satellite_estimate
2022-09-02T12:45:00Z,2022-09-02T12:45:00Z,12.938051644393918,77.66,12.938051644393918,77.66,12.949191868562986,77.65869119208747,0.0,0.0,mosdac_insat3dr,3RIMG_L2B_IMC,4000,mm per 30-minute accumulation,valid_source_pixel,True,False,False,historical_observed_satellite_estimate
2022-09-02T12:45:00Z,2022-09-02T12:45:00Z,12.928051644393918,77.66,12.928051644393918,77.66,12.913014709012685,77.65869119208747,0.0,0.0,mosdac_insat3dr,3RIMG_L2B_IMC,4000,mm per 30-minute accumulation,valid_source_pixel,True,False,False,historical_observed_satellite_estimate
2022-09-02T13:15:00Z,2022-09-02T13:15:00Z,12.938051644393918,77.66,12.938051644393918,77.66,12.949191868562986,77.65869119208747,0.0,0.0,mosdac_insat3dr,3RIMG_L2B_IMC,4000,mm per 30-minute accumulation,valid_source_pixel,True,False,False,historical_observed_satellite_estimate
2022-09-02T13:15:00Z,2022-09-02T13:15:00Z,12.928051644393918,77.66,12.928051644393918,77.66,12.913014709012685,77.65869119208747,0.0,0.0,mosdac_insat3dr,3RIMG_L2B_IMC,4000,mm per 30-minute accumulation,valid_source_pixel,True,False,False,historical_observed_satellite_estimate
2022-09-02T13:45:00Z,2022-09-02T13:45:00Z,12.938051644393918,77.66,12.938051644393918,77.66,12.949191868562986,77.65869119208747,0.0,0.0,mosdac_insat3dr,3RIMG_L2B_IMC,4000,mm per 30-minute accumulation,valid_source_pixel,True,False,False,historical_observed_satellite_estimate
2022-09-02T13:45:00Z,2022-09-02T13:45:00Z,12.928051644393918,77.66,12.928051644393918,77.66,12.913014709012685,77.65869119208747,0.0,0.0,mosdac_insat3dr,3RIMG_L2B_IMC,4000,mm per 30-minute accumulation,valid_source_pixel,True,False,False,historical_observed_satellite_estimate
2022-09-02T14:15:00Z,2022-09-02T14:15:00Z,12.938051644393918,77.66,12.938051644393918,77.66,12.949191868562986,77.65869119208747,0.0,0.0,mosdac_insat3dr,3RIMG_L2B_IMC,4000,mm per 30-minute accumulation,valid_source_pixel,True,False,False,historical_observed_satellite_estimate
2022-09-02T14:15:00Z,2022-09-02T14:15:00Z,12.928051644393918,77.66,12.928051644393918,77.66,12.913014709012685,77.65869119208747,0.0,0.0,mosdac_insat3dr,3RIMG_L2B_IMC,4000,mm per 30-minute accumulation,valid_source_pixel,True,False,False,historical_observed_satellite_estimate
2022-09-02T14:45:00Z,2022-09-02T14:45:00Z,12.938051644393918,77.66,12.938051644393918,77.66,12.949191868562986,77.65869119208747,0.0,0.0,mosdac_insat3dr,3RIMG_L2B_IMC,4000,mm per 30-minute accumulation,valid_source_pixel,True,False,False,historical_observed_satellite_estimate
2022-09-02T14:45:00Z,2022-09-02T14:45:00Z,12.928051644393918,77.66,12.928051644393918,77.66,12.913014709012685,77.65869119208747,0.0,0.0,mosdac_insat3dr,3RIMG_L2B_IMC,4000,mm per 30-minute accumulation,valid_source_pixel,True,False,False,historical_observed_satellite_estimate
2022-09-02T15:15:00Z,2022-09-02T15:15:00Z,12.938051644393918,77.66,12.938051644393918,77.66,12.949191868562986,77.65869119208747,0.0,0.0,mosdac_insat3dr,3RIMG_L2B_IMC,4000,mm per 30-minute accumulation,valid_source_pixel,True,False,False,historical_observed_satellite_estimate
2022-09-02T15:15:00Z,2022-09-02T15:15:00Z,12.928051644393918,77.66,12.928051644393918,77.66,12.913014709012685,77.65869119208747,0.0,0.0,mosdac_insat3dr,3RIMG_L2B_IMC,4000,mm per 30-minute accumulation,valid_source_pixel,True,False,False,historical_observed_satellite_estimate
2022-09-02T15:45:00Z,2022-09-02T15:45:00Z,12.938051644393918,77.66,12.938051644393918,77.66,12.949191868562986,77.65869119208747,0.0,0.0,mosdac_insat3dr,3RIMG_L2B_IMC,4000,mm per 30-minute accumulation,valid_source_pixel,True,False,False,historical_observed_satellite_estimate
2022-09-02T15:45:00Z,2022-09-02T15:45:00Z,12.928051644393918,77.66,12.928051644393918,77.66,12.913014709012685,77.65869119208747,0.0,0.0,mosdac_insat3dr,3RIMG_L2B_IMC,4000,mm per 30-minute accumulation,valid_source_pixel,True,False,False,historical_observed_satellite_estimate
2022-09-02T16:15:00Z,2022-09-02T16:15:00Z,12.938051644393918,77.66,12.938051644393918,77.66,12.949191868562986,77.65869119208747,0.0,0.0,mosdac_insat3dr,3RIMG_L2B_IMC,4000,mm per 30-minute accumulation,valid_source_pixel,True,False,False,historical_observed_satellite_estimate
2022-09-02T16:15:00Z,2022-09-02T16:15:00Z,12.928051644393918,77.66,12.928051644393918,77.66,12.913014709012685,77.65869119208747,0.0,0.0,mosdac_insat3dr,3RIMG_L2B_IMC,4000,mm per 30-minute accumulation,valid_source_pixel,True,False,False,historical_observed_satellite_estimate
2022-09-02T16:45:00Z,2022-09-02T16:45:00Z,12.938051644393918,77.66,12.938051644393918,77.66,12.949191868562986,77.65869119208747,0.0,0.0,mosdac_insat3dr,3RIMG_L2B_IMC,4000,mm per 30-minute accumulation,valid_source_pixel,True,False,False,historical_observed_satellite_estimate
2022-09-02T16:45:00Z,2022-09-02T16:45:00Z,12.928051644393918,77.66,12.928051644393918,77.66,12.913014709012685,77.65869119208747,0.0,0.0,mosdac_insat3dr,3RIMG_L2B_IMC,4000,mm per 30-minute accumulation,valid_source_pixel,True,False,False,historical_observed_satellite_estimate
2022-09-02T22:15:00Z,2022-09-02T22:15:00Z,12.938051644393918,77.66,12.938051644393918,77.66,12.949191868562986,77.65869119208747,0.0,0.0,mosdac_insat3dr,3RIMG_L2B_IMC,4000,mm per 30-minute accumulation,valid_source_pixel,True,False,False,historical_observed_satellite_estimate
2022-09-02T22:15:00Z,2022-09-02T22:15:00Z,12.928051644393918,77.66,12.928051644393918,77.66,12.913014709012685,77.65869119208747,0.0,0.0,mosdac_insat3dr,3RIMG_L2B_IMC,4000,mm per 30-minute accumulation,valid_source_pixel,True,False,False,historical_observed_satellite_estimate
2022-09-02T22:45:00Z,2022-09-02T22:45:00Z,12.938051644393918,77.66,12.938051644393918,77.66,12.949191868562986,77.65869119208747,0.0,0.0,mosdac_insat3dr,3RIMG_L2B_IMC,4000,mm per 30-minute accumulation,valid_source_pixel,True,False,False,historical_observed_satellite_estimate
2022-09-02T22:45:00Z,2022-09-02T22:45:00Z,12.928051644393918,77.66,12.928051644393918,77.66,12.913014709012685,77.65869119208747,0.0,0.0,mosdac_insat3dr,3RIMG_L2B_IMC,4000,mm per 30-minute accumulation,valid_source_pixel,True,False,False,historical_observed_satellite_estimate
2022-09-02T23:15:00Z,2022-09-02T23:15:00Z,12.938051644393918,77.66,12.938051644393918,77.66,12.949191868562986,77.65869119208747,0.0,0.0,mosdac_insat3dr,3RIMG_L2B_IMC,4000,mm per 30-minute accumulation,valid_source_pixel,True,False,False,historical_observed_satellite_estimate
2022-09-02T23:15:00Z,2022-09-02T23:15:00Z,12.928051644393918,77.66,12.928051644393918,77.66,12.913014709012685,77.65869119208747,0.0,0.0,mosdac_insat3dr,3RIMG_L2B_IMC,4000,mm per 30-minute accumulation,valid_source_pixel,True,False,False,historical_observed_satellite_estimate
2022-09-02T23:45:00Z,2022-09-02T23:45:00Z,12.938051644393918,77.66,12.938051644393918,77.66,12.949191868562986,77.65869119208747,0.0,0.0,mosdac_insat3dr,3RIMG_L2B_IMC,4000,mm per 30-minute accumulation,valid_source_pixel,True,False,False,historical_observed_satellite_estimate
2022-09-02T23:45:00Z,2022-09-02T23:45:00Z,12.928051644393918,77.66,12.928051644393918,77.66,12.913014709012685,77.65869119208747,0.0,0.0,mosdac_insat3dr,3RIMG_L2B_IMC,4000,mm per 30-minute accumulation,valid_source_pixel,True,False,False,historical_observed_satellite_estimate
2022-09-03T00:15:00Z,2022-09-03T00:15:00Z,12.938051644393918,77.66,12.938051644393918,77.66,12.949191868562986,77.65869119208747,0.0,0.0,mosdac_insat3dr,3RIMG_L2B_IMC,4000,mm per 30-minute accumulation,valid_source_pixel,True,False,False,historical_observed_satellite_estimate
2022-09-03T00:15:00Z,2022-09-03T00:15:00Z,12.928051644393918,77.66,12.928051644393918,77.66,12.913014709012685,77.65869119208747,0.0,0.0,mosdac_insat3dr,3RIMG_L2B_IMC,4000,mm per 30-minute accumulation,valid_source_pixel,True,False,False,historical_observed_satellite_estimate
2022-09-03T00:45:00Z,2022-09-03T00:45:00Z,12.938051644393918,77.66,12.938051644393918,77.66,12.949191868562986,77.65869119208747,0.0,0.0,mosdac_insat3dr,3RIMG_L2B_IMC,4000,mm per 30-minute accumulation,valid_source_pixel,True,False,False,historical_observed_satellite_estimate
2022-09-03T00:45:00Z,2022-09-03T00:45:00Z,12.928051644393918,77.66,12.928051644393918,77.66,12.913014709012685,77.65869119208747,0.0,0.0,mosdac_insat3dr,3RIMG_L2B_IMC,4000,mm per 30-minute accumulation,valid_source_pixel,True,False,False,historical_observed_satellite_estimate
2022-09-03T01:15:00Z,2022-09-03T01:15:00Z,12.938051644393918,77.66,12.938051644393918,77.66,12.949191868562986,77.65869119208747,0.0,0.0,mosdac_insat3dr,3RIMG_L2B_IMC,4000,mm per 30-minute accumulation,valid_source_pixel,True,False,False,historical_observed_satellite_estimate
2022-09-03T01:15:00Z,2022-09-03T01:15:00Z,12.928051644393918,77.66,12.928051644393918,77.66,12.913014709012685,77.65869119208747,0.0,0.0,mosdac_insat3dr,3RIMG_L2B_IMC,4000,mm per 30-minute accumulation,valid_source_pixel,True,False,False,historical_observed_satellite_estimate
2022-09-03T01:45:00Z,2022-09-03T01:45:00Z,12.938051644393918,77.66,12.938051644393918,77.66,12.949191868562986,77.65869119208747,0.0,0.0,mosdac_insat3dr,3RIMG_L2B_IMC,4000,mm per 30-minute accumulation,valid_source_pixel,True,False,False,historical_observed_satellite_estimate
2022-09-03T01:45:00Z,2022-09-03T01:45:00Z,12.928051644393918,77.66,12.928051644393918,77.66,12.913014709012685,77.65869119208747,0.0,0.0,mosdac_insat3dr,3RIMG_L2B_IMC,4000,mm per 30-minute accumulation,valid_source_pixel,True,False,False,historical_observed_satellite_estimate
2022-09-03T02:15:00Z,2022-09-03T02:15:00Z,12.938051644393918,77.66,12.938051644393918,77.66,12.949191868562986,77.65869119208747,0.0,0.0,mosdac_insat3dr,3RIMG_L2B_IMC,4000,mm per 30-minute accumulation,valid_source_pixel,True,False,False,historical_observed_satellite_estimate
2022-09-03T02:15:00Z,2022-09-03T02:15:00Z,12.928051644393918,77.66,12.928051644393918,77.66,12.913014709012685,77.65869119208747,0.0,0.0,mosdac_insat3dr,3RIMG_L2B_IMC,4000,mm per 30-minute accumulation,valid_source_pixel,True,False,False,historical_observed_satellite_estimate
2022-09-03T02:45:00Z,2022-09-03T02:45:00Z,12.938051644393918,77.66,12.938051644393918,77.66,12.949191868562986,77.65869119208747,0.0,0.0,mosdac_insat3dr,3RIMG_L2B_IMC,4000,mm per 30-minute accumulation,valid_source_pixel,True,False,False,historical_observed_satellite_estimate
2022-09-03T02:45:00Z,2022-09-03T02:45:00Z,12.928051644393918,77.66,12.928051644393918,77.66,12.913014709012685,77.65869119208747,0.0,0.0,mosdac_insat3dr,3RIMG_L2B_IMC,4000,mm per 30-minute accumulation,valid_source_pixel,True,False,False,historical_observed_satellite_estimate
2022-09-03T03:15:00Z,2022-09-03T03:15:00Z,12.938051644393918,77.66,12.938051644393918,77.66,12.949191868562986,77.65869119208747,0.0,0.0,mosdac_insat3dr,3RIMG_L2B_IMC,4000,mm per 30-minute accumulation,valid_source_pixel,True,False,False,historical_observed_satellite_estimate
2022-09-03T03:15:00Z,2022-09-03T03:15:00Z,12.928051644393918,77.66,12.928051644393918,77.66,12.913014709012685,77.65869119208747,0.0,0.0,mosdac_insat3dr,3RIMG_L2B_IMC,4000,mm per 30-minute accumulation,valid_source_pixel,True,False,False,historical_observed_satellite_estimate
2022-09-03T03:45:00Z,2022-09-03T03:45:00Z,12.938051644393918,77.66,12.938051644393918,77.66,12.949191868562986,77.65869119208747,0.0,0.0,mosdac_insat3dr,3RIMG_L2B_IMC,4000,mm per 30-minute accumulation,valid_source_pixel,True,False,False,historical_observed_satellite_estimate
2022-09-03T03:45:00Z,2022-09-03T03:45:00Z,12.928051644393918,77.66,12.928051644393918,77.66,12.913014709012685,77.65869119208747,0.0,0.0,mosdac_insat3dr,3RIMG_L2B_IMC,4000,mm per 30-minute accumulation,valid_source_pixel,True,False,False,historical_observed_satellite_estimate
2022-09-03T04:15:00Z,2022-09-03T04:15:00Z,12.938051644393918,77.66,12.938051644393918,77.66,12.949191868562986,77.65869119208747,0.0,0.0,mosdac_insat3dr,3RIMG_L2B_IMC,4000,mm per 30-minute accumulation,valid_source_pixel,True,False,False,historical_observed_satellite_estimate
2022-09-03T04:15:00Z,2022-09-03T04:15:00Z,12.928051644393918,77.66,12.928051644393918,77.66,12.913014709012685,77.65869119208747,0.0,0.0,mosdac_insat3dr,3RIMG_L2B_IMC,4000,mm per 30-minute accumulation,valid_source_pixel,True,False,False,historical_observed_satellite_estimate
2022-09-03T04:45:00Z,2022-09-03T04:45:00Z,12.938051644393918,77.66,12.938051644393918,77.66,12.949191868562986,77.65869119208747,0.0,0.0,mosdac_insat3dr,3RIMG_L2B_IMC,4000,mm per 30-minute accumulation,valid_source_pixel,True,False,False,historical_observed_satellite_estimate
2022-09-03T04:45:00Z,2022-09-03T04:45:00Z,12.928051644393918,77.66,12.928051644393918,77.66,12.913014709012685,77.65869119208747,0.0,0.0,mosdac_insat3dr,3RIMG_L2B_IMC,4000,mm per 30-minute accumulation,valid_source_pixel,True,False,False,historical_observed_satellite_estimate
2022-09-03T05:15:00Z,2022-09-03T05:15:00Z,12.938051644393918,77.66,12.938051644393918,77.66,12.949191868562986,77.65869119208747,0.0,0.0,mosdac_insat3dr,3RIMG_L2B_IMC,4000,mm per 30-minute accumulation,valid_source_pixel,True,False,False,historical_observed_satellite_estimate
2022-09-03T05:15:00Z,2022-09-03T05:15:00Z,12.928051644393918,77.66,12.928051644393918,77.66,12.913014709012685,77.65869119208747,0.0,0.0,mosdac_insat3dr,3RIMG_L2B_IMC,4000,mm per 30-minute accumulation,valid_source_pixel,True,False,False,historical_observed_satellite_estimate
2022-09-03T05:45:00Z,2022-09-03T05:45:00Z,12.938051644393918,77.66,12.938051644393918,77.66,12.949191868562986,77.65869119208747,0.0,0.0,mosdac_insat3dr,3RIMG_L2B_IMC,4000,mm per 30-minute accumulation,valid_source_pixel,True,False,False,historical_observed_satellite_estimate
2022-09-03T05:45:00Z,2022-09-03T05:45:00Z,12.928051644393918,77.66,12.928051644393918,77.66,12.913014709012685,77.65869119208747,0.0,0.0,mosdac_insat3dr,3RIMG_L2B_IMC,4000,mm per 30-minute accumulation,valid_source_pixel,True,False,False,historical_observed_satellite_estimate
2022-09-03T06:15:00Z,2022-09-03T06:15:00Z,12.938051644393918,77.66,12.938051644393918,77.66,12.949191868562986,77.65869119208747,0.0,0.0,mosdac_insat3dr,3RIMG_L2B_IMC,4000,mm per 30-minute accumulation,valid_source_pixel,True,False,False,historical_observed_satellite_estimate
2022-09-03T06:15:00Z,2022-09-03T06:15:00Z,12.928051644393918,77.66,12.928051644393918,77.66,12.913014709012685,77.65869119208747,0.0,0.0,mosdac_insat3dr,3RIMG_L2B_IMC,4000,mm per 30-minute accumulation,valid_source_pixel,True,False,False,historical_observed_satellite_estimate
2022-09-03T06:45:00Z,2022-09-03T06:45:00Z,12.938051644393918,77.66,12.938051644393918,77.66,12.949191868562986,77.65869119208747,0.0,0.0,mosdac_insat3dr,3RIMG_L2B_IMC,4000,mm per 30-minute accumulation,valid_source_pixel,True,False,False,historical_observed_satellite_estimate
2022-09-03T06:45:00Z,2022-09-03T06:45:00Z,12.928051644393918,77.66,12.928051644393918,77.66,12.913014709012685,77.65869119208747,0.0,0.0,mosdac_insat3dr,3RIMG_L2B_IMC,4000,mm per 30-minute accumulation,valid_source_pixel,True,False,False,historical_observed_satellite_estimate
2022-09-03T07:15:00Z,2022-09-03T07:15:00Z,12.938051644393918,77.66,12.938051644393918,77.66,12.949191868562986,77.65869119208747,0.0,0.0,mosdac_insat3dr,3RIMG_L2B_IMC,4000,mm per 30-minute accumulation,valid_source_pixel,True,False,False,historical_observed_satellite_estimate
2022-09-03T07:15:00Z,2022-09-03T07:15:00Z,12.928051644393918,77.66,12.928051644393918,77.66,12.913014709012685,77.65869119208747,0.0,0.0,mosdac_insat3dr,3RIMG_L2B_IMC,4000,mm per 30-minute accumulation,valid_source_pixel,True,False,False,historical_observed_satellite_estimate
2022-09-03T07:45:00Z,2022-09-03T07:45:00Z,12.938051644393918,77.66,12.938051644393918,77.66,12.949191868562986,77.65869119208747,0.0,0.0,mosdac_insat3dr,3RIMG_L2B_IMC,4000,mm per 30-minute accumulation,valid_source_pixel,True,False,False,historical_observed_satellite_estimate
2022-09-03T07:45:00Z,2022-09-03T07:45:00Z,12.928051644393918,77.66,12.928051644393918,77.66,12.913014709012685,77.65869119208747,0.0,0.0,mosdac_insat3dr,3RIMG_L2B_IMC,4000,mm per 30-minute accumulation,valid_source_pixel,True,False,False,historical_observed_satellite_estimate
2022-09-03T08:15:00Z,2022-09-03T08:15:00Z,12.938051644393918,77.66,12.938051644393918,77.66,12.949191868562986,77.65869119208747,0.0,0.0,mosdac_insat3dr,3RIMG_L2B_IMC,4000,mm per 30-minute accumulation,valid_source_pixel,True,False,False,historical_observed_satellite_estimate
2022-09-03T08:15:00Z,2022-09-03T08:15:00Z,12.928051644393918,77.66,12.928051644393918,77.66,12.913014709012685,77.65869119208747,0.0,0.0,mosdac_insat3dr,3RIMG_L2B_IMC,4000,mm per 30-minute accumulation,valid_source_pixel,True,False,False,historical_observed_satellite_estimate
2022-09-03T08:45:00Z,2022-09-03T08:45:00Z,12.938051644393918,77.66,12.938051644393918,77.66,12.949191868562986,77.65869119208747,0.0,0.0,mosdac_insat3dr,3RIMG_L2B_IMC,4000,mm per 30-minute accumulation,valid_source_pixel,True,False,False,historical_observed_satellite_estimate
2022-09-03T08:45:00Z,2022-09-03T08:45:00Z,12.928051644393918,77.66,12.928051644393918,77.66,12.913014709012685,77.65869119208747,0.0,0.0,mosdac_insat3dr,3RIMG_L2B_IMC,4000,mm per 30-minute accumulation,valid_source_pixel,True,False,False,historical_observed_satellite_estimate
2022-09-03T09:15:00Z,2022-09-03T09:15:00Z,12.938051644393918,77.66,12.938051644393918,77.66,12.949191868562986,77.65869119208747,0.0,0.0,mosdac_insat3dr,3RIMG_L2B_IMC,4000,mm per 30-minute accumulation,valid_source_pixel,True,False,False,historical_observed_satellite_estimate
2022-09-03T09:15:00Z,2022-09-03T09:15:00Z,12.928051644393918,77.66,12.928051644393918,77.66,12.913014709012685,77.65869119208747,0.0,0.0,mosdac_insat3dr,3RIMG_L2B_IMC,4000,mm per 30-minute accumulation,valid_source_pixel,True,False,False,historical_observed_satellite_estimate
2022-09-03T09:45:00Z,2022-09-03T09:45:00Z,12.938051644393918,77.66,12.938051644393918,77.66,12.949191868562986,77.65869119208747,0.0,0.0,mosdac_insat3dr,3RIMG_L2B_IMC,4000,mm per 30-minute accumulation,valid_source_pixel,True,False,False,historical_observed_satellite_estimate
2022-09-03T09:45:00Z,2022-09-03T09:45:00Z,12.928051644393918,77.66,12.928051644393918,77.66,12.913014709012685,77.65869119208747,0.0,0.0,mosdac_insat3dr,3RIMG_L2B_IMC,4000,mm per 30-minute accumulation,valid_source_pixel,True,False,False,historical_observed_satellite_estimate
2022-09-03T10:15:00Z,2022-09-03T10:15:00Z,12.938051644393918,77.66,12.938051644393918,77.66,12.949191868562986,77.65869119208747,0.0,0.0,mosdac_insat3dr,3RIMG_L2B_IMC,4000,mm per 30-minute accumulation,valid_source_pixel,True,False,False,historical_observed_satellite_estimate
2022-09-03T10:15:00Z,2022-09-03T10:15:00Z,12.928051644393918,77.66,12.928051644393918,77.66,12.913014709012685,77.65869119208747,0.0,0.0,mosdac_insat3dr,3RIMG_L2B_IMC,4000,mm per 30-minute accumulation,valid_source_pixel,True,False,False,historical_observed_satellite_estimate
2022-09-03T10:45:00Z,2022-09-03T10:45:00Z,12.938051644393918,77.66,12.938051644393918,77.66,12.949191868562986,77.65869119208747,0.0,0.0,mosdac_insat3dr,3RIMG_L2B_IMC,4000,mm per 30-minute accumulation,valid_source_pixel,True,False,False,historical_observed_satellite_estimate
2022-09-03T10:45:00Z,2022-09-03T10:45:00Z,12.928051644393918,77.66,12.928051644393918,77.66,12.913014709012685,77.65869119208747,0.0,0.0,mosdac_insat3dr,3RIMG_L2B_IMC,4000,mm per 30-minute accumulation,valid_source_pixel,True,False,False,historical_observed_satellite_estimate
2022-09-03T11:15:00Z,2022-09-03T11:15:00Z,12.938051644393918,77.66,12.938051644393918,77.66,12.949191868562986,77.65869119208747,0.0,0.0,mosdac_insat3dr,3RIMG_L2B_IMC,4000,mm per 30-minute accumulation,valid_source_pixel,True,False,False,historical_observed_satellite_estimate
2022-09-03T11:15:00Z,2022-09-03T11:15:00Z,12.928051644393918,77.66,12.928051644393918,77.66,12.913014709012685,77.65869119208747,0.0,0.0,mosdac_insat3dr,3RIMG_L2B_IMC,4000,mm per 30-minute accumulation,valid_source_pixel,True,False,False,historical_observed_satellite_estimate
2022-09-03T11:45:00Z,2022-09-03T11:45:00Z,12.938051644393918,77.66,12.938051644393918,77.66,12.949191868562986,77.65869119208747,0.0,0.0,mosdac_insat3dr,3RIMG_L2B_IMC,4000,mm per 30-minute accumulation,valid_source_pixel,True,False,False,historical_observed_satellite_estimate
2022-09-03T11:45:00Z,2022-09-03T11:45:00Z,12.928051644393918,77.66,12.928051644393918,77.66,12.913014709012685,77.65869119208747,0.0,0.0,mosdac_insat3dr,3RIMG_L2B_IMC,4000,mm per 30-minute accumulation,valid_source_pixel,True,False,False,historical_observed_satellite_estimate
2022-09-03T12:15:00Z,2022-09-03T12:15:00Z,12.938051644393918,77.66,12.938051644393918,77.66,12.949191868562986,77.65869119208747,0.0,0.0,mosdac_insat3dr,3RIMG_L2B_IMC,4000,mm per 30-minute accumulation,valid_source_pixel,True,False,False,historical_observed_satellite_estimate
2022-09-03T12:15:00Z,2022-09-03T12:15:00Z,12.928051644393918,77.66,12.928051644393918,77.66,12.913014709012685,77.65869119208747,0.0,0.0,mosdac_insat3dr,3RIMG_L2B_IMC,4000,mm per 30-minute accumulation,valid_source_pixel,True,False,False,historical_observed_satellite_estimate
2022-09-03T12:45:00Z,2022-09-03T12:45:00Z,12.938051644393918,77.66,12.938051644393918,77.66,12.949191868562986,77.65869119208747,0.0,0.0,mosdac_insat3dr,3RIMG_L2B_IMC,4000,mm per 30-minute accumulation,valid_source_pixel,True,False,False,historical_observed_satellite_estimate
2022-09-03T12:45:00Z,2022-09-03T12:45:00Z,12.928051644393918,77.66,12.928051644393918,77.66,12.913014709012685,77.65869119208747,0.0,0.0,mosdac_insat3dr,3RIMG_L2B_IMC,4000,mm per 30-minute accumulation,valid_source_pixel,True,False,False,historical_observed_satellite_estimate
2022-09-03T13:15:00Z,2022-09-03T13:15:00Z,12.938051644393918,77.66,12.938051644393918,77.66,12.949191868562986,77.65869119208747,0.0,0.0,mosdac_insat3dr,3RIMG_L2B_IMC,4000,mm per 30-minute accumulation,valid_source_pixel,True,False,False,historical_observed_satellite_estimate
2022-09-03T13:15:00Z,2022-09-03T13:15:00Z,12.928051644393918,77.66,12.928051644393918,77.66,12.913014709012685,77.65869119208747,0.0,0.0,mosdac_insat3dr,3RIMG_L2B_IMC,4000,mm per 30-minute accumulation,valid_source_pixel,True,False,False,historical_observed_satellite_estimate
2022-09-03T13:45:00Z,2022-09-03T13:45:00Z,12.938051644393918,77.66,12.938051644393918,77.66,12.949191868562986,77.65869119208747,0.0,0.0,mosdac_insat3dr,3RIMG_L2B_IMC,4000,mm per 30-minute accumulation,valid_source_pixel,True,False,False,historical_observed_satellite_estimate
2022-09-03T13:45:00Z,2022-09-03T13:45:00Z,12.928051644393918,77.66,12.928051644393918,77.66,12.913014709012685,77.65869119208747,0.0,0.0,mosdac_insat3dr,3RIMG_L2B_IMC,4000,mm per 30-minute accumulation,valid_source_pixel,True,False,False,historical_observed_satellite_estimate
2022-09-03T14:15:00Z,2022-09-03T14:15:00Z,12.938051644393918,77.66,12.938051644393918,77.66,12.949191868562986,77.65869119208747,0.0,0.0,mosdac_insat3dr,3RIMG_L2B_IMC,4000,mm per 30-minute accumulation,valid_source_pixel,True,False,False,historical_observed_satellite_estimate
2022-09-03T14:15:00Z,2022-09-03T14:15:00Z,12.928051644393918,77.66,12.928051644393918,77.66,12.913014709012685,77.65869119208747,0.0,0.0,mosdac_insat3dr,3RIMG_L2B_IMC,4000,mm per 30-minute accumulation,valid_source_pixel,True,False,False,historical_observed_satellite_estimate
2022-09-03T14:45:00Z,2022-09-03T14:45:00Z,12.938051644393918,77.66,12.938051644393918,77.66,12.949191868562986,77.65869119208747,0.0,0.0,mosdac_insat3dr,3RIMG_L2B_IMC,4000,mm per 30-minute accumulation,valid_source_pixel,True,False,False,historical_observed_satellite_estimate
2022-09-03T14:45:00Z,2022-09-03T14:45:00Z,12.928051644393918,77.66,12.928051644393918,77.66,12.913014709012685,77.65869119208747,0.0,0.0,mosdac_insat3dr,3RIMG_L2B_IMC,4000,mm per 30-minute accumulation,valid_source_pixel,True,False,False,historical_observed_satellite_estimate
2022-09-03T15:15:00Z,2022-09-03T15:15:00Z,12.938051644393918,77.66,12.938051644393918,77.66,12.949191868562986,77.65869119208747,0.0,0.0,mosdac_insat3dr,3RIMG_L2B_IMC,4000,mm per 30-minute accumulation,valid_source_pixel,True,False,False,historical_observed_satellite_estimate
2022-09-03T15:15:00Z,2022-09-03T15:15:00Z,12.928051644393918,77.66,12.928051644393918,77.66,12.913014709012685,77.65869119208747,0.0,0.0,mosdac_insat3dr,3RIMG_L2B_IMC,4000,mm per 30-minute accumulation,valid_source_pixel,True,False,False,historical_observed_satellite_estimate
2022-09-03T15:45:00Z,2022-09-03T15:45:00Z,12.938051644393918,77.66,12.938051644393918,77.66,12.949191868562986,77.65869119208747,0.0,0.0,mosdac_insat3dr,3RIMG_L2B_IMC,4000,mm per 30-minute accumulation,valid_source_pixel,True,False,False,historical_observed_satellite_estimate
2022-09-03T15:45:00Z,2022-09-03T15:45:00Z,12.928051644393918,77.66,12.928051644393918,77.66,12.913014709012685,77.65869119208747,0.0,0.0,mosdac_insat3dr,3RIMG_L2B_IMC,4000,mm per 30-minute accumulation,valid_source_pixel,True,False,False,historical_observed_satellite_estimate
2022-09-03T16:15:00Z,2022-09-03T16:15:00Z,12.938051644393918,77.66,12.938051644393918,77.66,12.949191868562986,77.65869119208747,0.0,0.0,mosdac_insat3dr,3RIMG_L2B_IMC,4000,mm per 30-minute accumulation,valid_source_pixel,True,False,False,historical_observed_satellite_estimate
2022-09-03T16:15:00Z,2022-09-03T16:15:00Z,12.928051644393918,77.66,12.928051644393918,77.66,12.913014709012685,77.65869119208747,0.0,0.0,mosdac_insat3dr,3RIMG_L2B_IMC,4000,mm per 30-minute accumulation,valid_source_pixel,True,False,False,historical_observed_satellite_estimate
2022-09-03T16:45:00Z,2022-09-03T16:45:00Z,12.938051644393918,77.66,12.938051644393918,77.66,12.949191868562986,77.65869119208747,0.0,0.0,mosdac_insat3dr,3RIMG_L2B_IMC,4000,mm per 30-minute accumulation,valid_source_pixel,True,False,False,historical_observed_satellite_estimate
2022-09-03T16:45:00Z,2022-09-03T16:45:00Z,12.928051644393918,77.66,12.928051644393918,77.66,12.913014709012685,77.65869119208747,0.0,0.0,mosdac_insat3dr,3RIMG_L2B_IMC,4000,mm per 30-minute accumulation,valid_source_pixel,True,False,False,historical_observed_satellite_estimate
2022-09-03T22:15:00Z,2022-09-03T22:15:00Z,12.938051644393918,77.66,12.938051644393918,77.66,12.949191868562986,77.65869119208747,0.0,0.0,mosdac_insat3dr,3RIMG_L2B_IMC,4000,mm per 30-minute accumulation,valid_source_pixel,True,False,False,historical_observed_satellite_estimate
2022-09-03T22:15:00Z,2022-09-03T22:15:00Z,12.928051644393918,77.66,12.928051644393918,77.66,12.913014709012685,77.65869119208747,0.0,0.0,mosdac_insat3dr,3RIMG_L2B_IMC,4000,mm per 30-minute accumulation,valid_source_pixel,True,False,False,historical_observed_satellite_estimate
2022-09-03T22:45:00Z,2022-09-03T22:45:00Z,12.938051644393918,77.66,12.938051644393918,77.66,12.949191868562986,77.65869119208747,0.0,0.0,mosdac_insat3dr,3RIMG_L2B_IMC,4000,mm per 30-minute accumulation,valid_source_pixel,True,False,False,historical_observed_satellite_estimate
2022-09-03T22:45:00Z,2022-09-03T22:45:00Z,12.928051644393918,77.66,12.928051644393918,77.66,12.913014709012685,77.65869119208747,0.0,0.0,mosdac_insat3dr,3RIMG_L2B_IMC,4000,mm per 30-minute accumulation,valid_source_pixel,True,False,False,historical_observed_satellite_estimate
2022-09-03T23:15:00Z,2022-09-03T23:15:00Z,12.938051644393918,77.66,12.938051644393918,77.66,12.949191868562986,77.65869119208747,0.0,0.0,mosdac_insat3dr,3RIMG_L2B_IMC,4000,mm per 30-minute accumulation,valid_source_pixel,True,False,False,historical_observed_satellite_estimate
2022-09-03T23:15:00Z,2022-09-03T23:15:00Z,12.928051644393918,77.66,12.928051644393918,77.66,12.913014709012685,77.65869119208747,0.0,0.0,mosdac_insat3dr,3RIMG_L2B_IMC,4000,mm per 30-minute accumulation,valid_source_pixel,True,False,False,historical_observed_satellite_estimate
2022-09-03T23:45:00Z,2022-09-03T23:45:00Z,12.938051644393918,77.66,12.938051644393918,77.66,12.949191868562986,77.65869119208747,0.0,0.0,mosdac_insat3dr,3RIMG_L2B_IMC,4000,mm per 30-minute accumulation,valid_source_pixel,True,False,False,historical_observed_satellite_estimate
2022-09-03T23:45:00Z,2022-09-03T23:45:00Z,12.928051644393918,77.66,12.928051644393918,77.66,12.913014709012685,77.65869119208747,0.0,0.0,mosdac_insat3dr,3RIMG_L2B_IMC,4000,mm per 30-minute accumulation,valid_source_pixel,True,False,False,historical_observed_satellite_estimate
2022-09-04T00:15:00Z,2022-09-04T00:15:00Z,12.938051644393918,77.66,12.938051644393918,77.66,12.949191868562986,77.65869119208747,0.0,0.0,mosdac_insat3dr,3RIMG_L2B_IMC,4000,mm per 30-minute accumulation,valid_source_pixel,True,False,False,historical_observed_satellite_estimate
2022-09-04T00:15:00Z,2022-09-04T00:15:00Z,12.928051644393918,77.66,12.928051644393918,77.66,12.913014709012685,77.65869119208747,0.0,0.0,mosdac_insat3dr,3RIMG_L2B_IMC,4000,mm per 30-minute accumulation,valid_source_pixel,True,False,False,historical_observed_satellite_estimate
2022-09-04T00:45:00Z,2022-09-04T00:45:00Z,12.938051644393918,77.66,12.938051644393918,77.66,12.949191868562986,77.65869119208747,0.0,0.0,mosdac_insat3dr,3RIMG_L2B_IMC,4000,mm per 30-minute accumulation,valid_source_pixel,True,False,False,historical_observed_satellite_estimate
2022-09-04T00:45:00Z,2022-09-04T00:45:00Z,12.928051644393918,77.66,12.928051644393918,77.66,12.913014709012685,77.65869119208747,0.0,0.0,mosdac_insat3dr,3RIMG_L2B_IMC,4000,mm per 30-minute accumulation,valid_source_pixel,True,False,False,historical_observed_satellite_estimate
2022-09-04T01:15:00Z,2022-09-04T01:15:00Z,12.938051644393918,77.66,12.938051644393918,77.66,12.949191868562986,77.65869119208747,0.0,0.0,mosdac_insat3dr,3RIMG_L2B_IMC,4000,mm per 30-minute accumulation,valid_source_pixel,True,False,False,historical_observed_satellite_estimate
2022-09-04T01:15:00Z,2022-09-04T01:15:00Z,12.928051644393918,77.66,12.928051644393918,77.66,12.913014709012685,77.65869119208747,0.0,0.0,mosdac_insat3dr,3RIMG_L2B_IMC,4000,mm per 30-minute accumulation,valid_source_pixel,True,False,False,historical_observed_satellite_estimate
2022-09-04T01:45:00Z,2022-09-04T01:45:00Z,12.938051644393918,77.66,12.938051644393918,77.66,12.949191868562986,77.65869119208747,0.0,0.0,mosdac_insat3dr,3RIMG_L2B_IMC,4000,mm per 30-minute accumulation,valid_source_pixel,True,False,False,historical_observed_satellite_estimate
2022-09-04T01:45:00Z,2022-09-04T01:45:00Z,12.928051644393918,77.66,12.928051644393918,77.66,12.913014709012685,77.65869119208747,0.0,0.0,mosdac_insat3dr,3RIMG_L2B_IMC,4000,mm per 30-minute accumulation,valid_source_pixel,True,False,False,historical_observed_satellite_estimate
2022-09-04T02:15:00Z,2022-09-04T02:15:00Z,12.938051644393918,77.66,12.938051644393918,77.66,12.949191868562986,77.65869119208747,0.0,0.0,mosdac_insat3dr,3RIMG_L2B_IMC,4000,mm per 30-minute accumulation,valid_source_pixel,True,False,False,historical_observed_satellite_estimate
2022-09-04T02:15:00Z,2022-09-04T02:15:00Z,12.928051644393918,77.66,12.928051644393918,77.66,12.913014709012685,77.65869119208747,0.0,0.0,mosdac_insat3dr,3RIMG_L2B_IMC,4000,mm per 30-minute accumulation,valid_source_pixel,True,False,False,historical_observed_satellite_estimate
2022-09-04T02:45:00Z,2022-09-04T02:45:00Z,12.938051644393918,77.66,12.938051644393918,77.66,12.949191868562986,77.65869119208747,0.0,0.0,mosdac_insat3dr,3RIMG_L2B_IMC,4000,mm per 30-minute accumulation,valid_source_pixel,True,False,False,historical_observed_satellite_estimate
2022-09-04T02:45:00Z,2022-09-04T02:45:00Z,12.928051644393918,77.66,12.928051644393918,77.66,12.913014709012685,77.65869119208747,0.0,0.0,mosdac_insat3dr,3RIMG_L2B_IMC,4000,mm per 30-minute accumulation,valid_source_pixel,True,False,False,historical_observed_satellite_estimate
2022-09-04T03:15:00Z,2022-09-04T03:15:00Z,12.938051644393918,77.66,12.938051644393918,77.66,12.949191868562986,77.65869119208747,0.0,0.0,mosdac_insat3dr,3RIMG_L2B_IMC,4000,mm per 30-minute accumulation,valid_source_pixel,True,False,False,historical_observed_satellite_estimate
2022-09-04T03:15:00Z,2022-09-04T03:15:00Z,12.928051644393918,77.66,12.928051644393918,77.66,12.913014709012685,77.65869119208747,0.0,0.0,mosdac_insat3dr,3RIMG_L2B_IMC,4000,mm per 30-minute accumulation,valid_source_pixel,True,False,False,historical_observed_satellite_estimate
2022-09-04T03:45:00Z,2022-09-04T03:45:00Z,12.938051644393918,77.66,12.938051644393918,77.66,12.949191868562986,77.65869119208747,0.0,0.0,mosdac_insat3dr,3RIMG_L2B_IMC,4000,mm per 30-minute accumulation,valid_source_pixel,True,False,False,historical_observed_satellite_estimate
2022-09-04T03:45:00Z,2022-09-04T03:45:00Z,12.928051644393918,77.66,12.928051644393918,77.66,12.913014709012685,77.65869119208747,0.0,0.0,mosdac_insat3dr,3RIMG_L2B_IMC,4000,mm per 30-minute accumulation,valid_source_pixel,True,False,False,historical_observed_satellite_estimate
2022-09-04T04:15:00Z,2022-09-04T04:15:00Z,12.938051644393918,77.66,12.938051644393918,77.66,12.949191868562986,77.65869119208747,0.0,0.0,mosdac_insat3dr,3RIMG_L2B_IMC,4000,mm per 30-minute accumulation,valid_source_pixel,True,False,False,historical_observed_satellite_estimate
2022-09-04T04:15:00Z,2022-09-04T04:15:00Z,12.928051644393918,77.66,12.928051644393918,77.66,12.913014709012685,77.65869119208747,0.0,0.0,mosdac_insat3dr,3RIMG_L2B_IMC,4000,mm per 30-minute accumulation,valid_source_pixel,True,False,False,historical_observed_satellite_estimate
2022-09-04T04:45:00Z,2022-09-04T04:45:00Z,12.938051644393918,77.66,12.938051644393918,77.66,12.949191868562986,77.65869119208747,0.0,0.0,mosdac_insat3dr,3RIMG_L2B_IMC,4000,mm per 30-minute accumulation,valid_source_pixel,True,False,False,historical_observed_satellite_estimate
2022-09-04T04:45:00Z,2022-09-04T04:45:00Z,12.928051644393918,77.66,12.928051644393918,77.66,12.913014709012685,77.65869119208747,0.0,0.0,mosdac_insat3dr,3RIMG_L2B_IMC,4000,mm per 30-minute accumulation,valid_source_pixel,True,False,False,historical_observed_satellite_estimate
2022-09-04T05:15:00Z,2022-09-04T05:15:00Z,12.938051644393918,77.66,12.938051644393918,77.66,12.949191868562986,77.65869119208747,0.0,0.0,mosdac_insat3dr,3RIMG_L2B_IMC,4000,mm per 30-minute accumulation,valid_source_pixel,True,False,False,historical_observed_satellite_estimate
2022-09-04T05:15:00Z,2022-09-04T05:15:00Z,12.928051644393918,77.66,12.928051644393918,77.66,12.913014709012685,77.65869119208747,0.0,0.0,mosdac_insat3dr,3RIMG_L2B_IMC,4000,mm per 30-minute accumulation,valid_source_pixel,True,False,False,historical_observed_satellite_estimate
2022-09-04T05:45:00Z,2022-09-04T05:45:00Z,12.938051644393918,77.66,12.938051644393918,77.66,12.949191868562986,77.65869119208747,0.0,0.0,mosdac_insat3dr,3RIMG_L2B_IMC,4000,mm per 30-minute accumulation,valid_source_pixel,True,False,False,historical_observed_satellite_estimate
2022-09-04T05:45:00Z,2022-09-04T05:45:00Z,12.928051644393918,77.66,12.928051644393918,77.66,12.913014709012685,77.65869119208747,0.0,0.0,mosdac_insat3dr,3RIMG_L2B_IMC,4000,mm per 30-minute accumulation,valid_source_pixel,True,False,False,historical_observed_satellite_estimate
2022-09-04T06:15:00Z,2022-09-04T06:15:00Z,12.938051644393918,77.66,12.938051644393918,77.66,12.949191868562986,77.65869119208747,0.0,0.0,mosdac_insat3dr,3RIMG_L2B_IMC,4000,mm per 30-minute accumulation,valid_source_pixel,True,False,False,historical_observed_satellite_estimate
2022-09-04T06:15:00Z,2022-09-04T06:15:00Z,12.928051644393918,77.66,12.928051644393918,77.66,12.913014709012685,77.65869119208747,0.0,0.0,mosdac_insat3dr,3RIMG_L2B_IMC,4000,mm per 30-minute accumulation,valid_source_pixel,True,False,False,historical_observed_satellite_estimate
2022-09-04T06:45:00Z,2022-09-04T06:45:00Z,12.938051644393918,77.66,12.938051644393918,77.66,12.949191868562986,77.65869119208747,0.0,0.0,mosdac_insat3dr,3RIMG_L2B_IMC,4000,mm per 30-minute accumulation,valid_source_pixel,True,False,False,historical_observed_satellite_estimate
2022-09-04T06:45:00Z,2022-09-04T06:45:00Z,12.928051644393918,77.66,12.928051644393918,77.66,12.913014709012685,77.65869119208747,0.0,0.0,mosdac_insat3dr,3RIMG_L2B_IMC,4000,mm per 30-minute accumulation,valid_source_pixel,True,False,False,historical_observed_satellite_estimate
2022-09-04T07:15:00Z,2022-09-04T07:15:00Z,12.938051644393918,77.66,12.938051644393918,77.66,12.949191868562986,77.65869119208747,0.0,0.0,mosdac_insat3dr,3RIMG_L2B_IMC,4000,mm per 30-minute accumulation,valid_source_pixel,True,False,False,historical_observed_satellite_estimate
2022-09-04T07:15:00Z,2022-09-04T07:15:00Z,12.928051644393918,77.66,12.928051644393918,77.66,12.913014709012685,77.65869119208747,0.0,0.0,mosdac_insat3dr,3RIMG_L2B_IMC,4000,mm per 30-minute accumulation,valid_source_pixel,True,False,False,historical_observed_satellite_estimate
2022-09-04T07:45:00Z,2022-09-04T07:45:00Z,12.938051644393918,77.66,12.938051644393918,77.66,12.949191868562986,77.65869119208747,0.0,0.0,mosdac_insat3dr,3RIMG_L2B_IMC,4000,mm per 30-minute accumulation,valid_source_pixel,True,False,False,historical_observed_satellite_estimate
2022-09-04T07:45:00Z,2022-09-04T07:45:00Z,12.928051644393918,77.66,12.928051644393918,77.66,12.913014709012685,77.65869119208747,0.0,0.0,mosdac_insat3dr,3RIMG_L2B_IMC,4000,mm per 30-minute accumulation,valid_source_pixel,True,False,False,historical_observed_satellite_estimate
2022-09-04T08:15:00Z,2022-09-04T08:15:00Z,12.938051644393918,77.66,12.938051644393918,77.66,12.949191868562986,77.65869119208747,0.0,0.0,mosdac_insat3dr,3RIMG_L2B_IMC,4000,mm per 30-minute accumulation,valid_source_pixel,True,False,False,historical_observed_satellite_estimate
2022-09-04T08:15:00Z,2022-09-04T08:15:00Z,12.928051644393918,77.66,12.928051644393918,77.66,12.913014709012685,77.65869119208747,0.0,0.0,mosdac_insat3dr,3RIMG_L2B_IMC,4000,mm per 30-minute accumulation,valid_source_pixel,True,False,False,historical_observed_satellite_estimate
2022-09-04T08:45:00Z,2022-09-04T08:45:00Z,12.938051644393918,77.66,12.938051644393918,77.66,12.949191868562986,77.65869119208747,0.08341091126203537,0.16682182252407074,mosdac_insat3dr,3RIMG_L2B_IMC,4000,mm per 30-minute accumulation,valid_source_pixel,True,False,False,historical_observed_satellite_estimate
2022-09-04T08:45:00Z,2022-09-04T08:45:00Z,12.928051644393918,77.66,12.928051644393918,77.66,12.913014709012685,77.65869119208747,0.1352185755968094,0.2704371511936188,mosdac_insat3dr,3RIMG_L2B_IMC,4000,mm per 30-minute accumulation,valid_source_pixel,True,False,False,historical_observed_satellite_estimate
2022-09-04T09:15:00Z,2022-09-04T09:15:00Z,12.938051644393918,77.66,12.938051644393918,77.66,12.949191868562986,77.65869119208747,0.7103220820426941,1.4206441640853882,mosdac_insat3dr,3RIMG_L2B_IMC,4000,mm per 30-minute accumulation,valid_source_pixel,True,False,False,historical_observed_satellite_estimate
2022-09-04T09:15:00Z,2022-09-04T09:15:00Z,12.928051644393918,77.66,12.928051644393918,77.66,12.913014709012685,77.65869119208747,0.0781281441450119,0.1562562882900238,mosdac_insat3dr,3RIMG_L2B_IMC,4000,mm per 30-minute accumulation,valid_source_pixel,True,False,False,historical_observed_satellite_estimate
2022-09-04T09:45:00Z,2022-09-04T09:45:00Z,12.938051644393918,77.66,12.938051644393918,77.66,12.949191868562986,77.65869119208747,0.048943813890218735,0.09788762778043747,mosdac_insat3dr,3RIMG_L2B_IMC,4000,mm per 30-minute accumulation,valid_source_pixel,True,False,False,historical_observed_satellite_estimate
2022-09-04T09:45:00Z,2022-09-04T09:45:00Z,12.928051644393918,77.66,12.928051644393918,77.66,12.913014709012685,77.65869119208747,0.06773516535758972,0.13547033071517944,mosdac_insat3dr,3RIMG_L2B_IMC,4000,mm per 30-minute accumulation,valid_source_pixel,True,False,False,historical_observed_satellite_estimate
2022-09-04T10:15:00Z,2022-09-04T10:15:00Z,12.938051644393918,77.66,12.938051644393918,77.66,12.949191868562986,77.65869119208747,0.01920546405017376,0.03841092810034752,mosdac_insat3dr,3RIMG_L2B_IMC,4000,mm per 30-minute accumulation,valid_source_pixel,True,False,False,historical_observed_satellite_estimate
2022-09-04T10:15:00Z,2022-09-04T10:15:00Z,12.928051644393918,77.66,12.928051644393918,77.66,12.913014709012685,77.65869119208747,0.01573648862540722,0.03147297725081444,mosdac_insat3dr,3RIMG_L2B_IMC,4000,mm per 30-minute accumulation,valid_source_pixel,True,False,False,historical_observed_satellite_estimate
2022-09-04T10:45:00Z,2022-09-04T10:45:00Z,12.938051644393918,77.66,12.938051644393918,77.66,12.949191868562986,77.65869119208747,0.37903958559036255,0.7580791711807251,mosdac_insat3dr,3RIMG_L2B_IMC,4000,mm per 30-minute accumulation,valid_source_pixel,True,False,False,historical_observed_satellite_estimate
2022-09-04T10:45:00Z,2022-09-04T10:45:00Z,12.928051644393918,77.66,12.928051644393918,77.66,12.913014709012685,77.65869119208747,0.0,0.0,mosdac_insat3dr,3RIMG_L2B_IMC,4000,mm per 30-minute accumulation,valid_source_pixel,True,False,False,historical_observed_satellite_estimate
2022-09-04T11:15:00Z,2022-09-04T11:15:00Z,12.938051644393918,77.66,12.938051644393918,77.66,12.949191868562986,77.65869119208747,0.037293314933776855,0.07458662986755371,mosdac_insat3dr,3RIMG_L2B_IMC,4000,mm per 30-minute accumulation,valid_source_pixel,True,False,False,historical_observed_satellite_estimate
2022-09-04T11:15:00Z,2022-09-04T11:15:00Z,12.928051644393918,77.66,12.928051644393918,77.66,12.913014709012685,77.65869119208747,0.013355138711631298,0.026710277423262596,mosdac_insat3dr,3RIMG_L2B_IMC,4000,mm per 30-minute accumulation,valid_source_pixel,True,False,False,historical_observed_satellite_estimate
2022-09-04T11:45:00Z,2022-09-04T11:45:00Z,12.938051644393918,77.66,12.938051644393918,77.66,12.949191868562986,77.65869119208747,0.010495598427951336,0.020991196855902672,mosdac_insat3dr,3RIMG_L2B_IMC,4000,mm per 30-minute accumulation,valid_source_pixel,True,False,False,historical_observed_satellite_estimate
2022-09-04T11:45:00Z,2022-09-04T11:45:00Z,12.928051644393918,77.66,12.928051644393918,77.66,12.913014709012685,77.65869119208747,0.0,0.0,mosdac_insat3dr,3RIMG_L2B_IMC,4000,mm per 30-minute accumulation,valid_source_pixel,True,False,False,historical_observed_satellite_estimate
2022-09-04T12:15:00Z,2022-09-04T12:15:00Z,12.938051644393918,77.66,12.938051644393918,77.66,12.949191868562986,77.65869119208747,0.0,0.0,mosdac_insat3dr,3RIMG_L2B_IMC,4000,mm per 30-minute accumulation,valid_source_pixel,True,False,False,historical_observed_satellite_estimate
2022-09-04T12:15:00Z,2022-09-04T12:15:00Z,12.928051644393918,77.66,12.928051644393918,77.66,12.913014709012685,77.65869119208747,0.0,0.0,mosdac_insat3dr,3RIMG_L2B_IMC,4000,mm per 30-minute accumulation,valid_source_pixel,True,False,False,historical_observed_satellite_estimate
2022-09-04T12:45:00Z,2022-09-04T12:45:00Z,12.938051644393918,77.66,12.938051644393918,77.66,12.949191868562986,77.65869119208747,0.0,0.0,mosdac_insat3dr,3RIMG_L2B_IMC,4000,mm per 30-minute accumulation,valid_source_pixel,True,False,False,historical_observed_satellite_estimate
2022-09-04T12:45:00Z,2022-09-04T12:45:00Z,12.928051644393918,77.66,12.928051644393918,77.66,12.913014709012685,77.65869119208747,0.0,0.0,mosdac_insat3dr,3RIMG_L2B_IMC,4000,mm per 30-minute accumulation,valid_source_pixel,True,False,False,historical_observed_satellite_estimate
2022-09-04T13:15:00Z,2022-09-04T13:15:00Z,12.938051644393918,77.66,12.938051644393918,77.66,12.949191868562986,77.65869119208747,0.0,0.0,mosdac_insat3dr,3RIMG_L2B_IMC,4000,mm per 30-minute accumulation,valid_source_pixel,True,False,False,historical_observed_satellite_estimate
2022-09-04T13:15:00Z,2022-09-04T13:15:00Z,12.928051644393918,77.66,12.928051644393918,77.66,12.913014709012685,77.65869119208747,0.0,0.0,mosdac_insat3dr,3RIMG_L2B_IMC,4000,mm per 30-minute accumulation,valid_source_pixel,True,False,False,historical_observed_satellite_estimate
2022-09-04T13:45:00Z,2022-09-04T13:45:00Z,12.938051644393918,77.66,12.938051644393918,77.66,12.949191868562986,77.65869119208747,0.0,0.0,mosdac_insat3dr,3RIMG_L2B_IMC,4000,mm per 30-minute accumulation,valid_source_pixel,True,False,False,historical_observed_satellite_estimate
2022-09-04T13:45:00Z,2022-09-04T13:45:00Z,12.928051644393918,77.66,12.928051644393918,77.66,12.913014709012685,77.65869119208747,0.0,0.0,mosdac_insat3dr,3RIMG_L2B_IMC,4000,mm per 30-minute accumulation,valid_source_pixel,True,False,False,historical_observed_satellite_estimate
2022-09-04T14:15:00Z,2022-09-04T14:15:00Z,12.938051644393918,77.66,12.938051644393918,77.66,12.949191868562986,77.65869119208747,0.0,0.0,mosdac_insat3dr,3RIMG_L2B_IMC,4000,mm per 30-minute accumulation,valid_source_pixel,True,False,False,historical_observed_satellite_estimate
2022-09-04T14:15:00Z,2022-09-04T14:15:00Z,12.928051644393918,77.66,12.928051644393918,77.66,12.913014709012685,77.65869119208747,0.0,0.0,mosdac_insat3dr,3RIMG_L2B_IMC,4000,mm per 30-minute accumulation,valid_source_pixel,True,False,False,historical_observed_satellite_estimate
2022-09-04T14:45:00Z,2022-09-04T14:45:00Z,12.938051644393918,77.66,12.938051644393918,77.66,12.949191868562986,77.65869119208747,0.0,0.0,mosdac_insat3dr,3RIMG_L2B_IMC,4000,mm per 30-minute accumulation,valid_source_pixel,True,False,False,historical_observed_satellite_estimate
2022-09-04T14:45:00Z,2022-09-04T14:45:00Z,12.928051644393918,77.66,12.928051644393918,77.66,12.913014709012685,77.65869119208747,0.0,0.0,mosdac_insat3dr,3RIMG_L2B_IMC,4000,mm per 30-minute accumulation,valid_source_pixel,True,False,False,historical_observed_satellite_estimate
2022-09-04T15:15:00Z,2022-09-04T15:15:00Z,12.938051644393918,77.66,12.938051644393918,77.66,12.949191868562986,77.65869119208747,0.0,0.0,mosdac_insat3dr,3RIMG_L2B_IMC,4000,mm per 30-minute accumulation,valid_source_pixel,True,False,False,historical_observed_satellite_estimate
2022-09-04T15:15:00Z,2022-09-04T15:15:00Z,12.928051644393918,77.66,12.928051644393918,77.66,12.913014709012685,77.65869119208747,0.0,0.0,mosdac_insat3dr,3RIMG_L2B_IMC,4000,mm per 30-minute accumulation,valid_source_pixel,True,False,False,historical_observed_satellite_estimate
2022-09-04T15:45:00Z,2022-09-04T15:45:00Z,12.938051644393918,77.66,12.938051644393918,77.66,12.949191868562986,77.65869119208747,0.7411004304885864,1.4822008609771729,mosdac_insat3dr,3RIMG_L2B_IMC,4000,mm per 30-minute accumulation,valid_source_pixel,True,False,False,historical_observed_satellite_estimate
2022-09-04T15:45:00Z,2022-09-04T15:45:00Z,12.928051644393918,77.66,12.928051644393918,77.66,12.913014709012685,77.65869119208747,1.4220168590545654,2.844033718109131,mosdac_insat3dr,3RIMG_L2B_IMC,4000,mm per 30-minute accumulation,valid_source_pixel,True,False,False,historical_observed_satellite_estimate
2022-09-04T16:15:00Z,2022-09-04T16:15:00Z,12.938051644393918,77.66,12.938051644393918,77.66,12.949191868562986,77.65869119208747,4.713764667510986,9.427529335021973,mosdac_insat3dr,3RIMG_L2B_IMC,4000,mm per 30-minute accumulation,valid_source_pixel,True,False,False,historical_observed_satellite_estimate
2022-09-04T16:15:00Z,2022-09-04T16:15:00Z,12.928051644393918,77.66,12.928051644393918,77.66,12.913014709012685,77.65869119208747,7.237477779388428,14.474955558776855,mosdac_insat3dr,3RIMG_L2B_IMC,4000,mm per 30-minute accumulation,valid_source_pixel,True,False,False,historical_observed_satellite_estimate
2022-09-04T16:45:00Z,2022-09-04T16:45:00Z,12.938051644393918,77.66,12.938051644393918,77.66,12.949191868562986,77.65869119208747,0.7465618252754211,1.4931236505508423,mosdac_insat3dr,3RIMG_L2B_IMC,4000,mm per 30-minute accumulation,valid_source_pixel,True,False,False,historical_observed_satellite_estimate
2022-09-04T16:45:00Z,2022-09-04T16:45:00Z,12.928051644393918,77.66,12.928051644393918,77.66,12.913014709012685,77.65869119208747,0.8023104071617126,1.6046208143234253,mosdac_insat3dr,3RIMG_L2B_IMC,4000,mm per 30-minute accumulation,valid_source_pixel,True,False,False,historical_observed_satellite_estimate
2022-09-04T22:15:00Z,2022-09-04T22:15:00Z,12.938051644393918,77.66,12.938051644393918,77.66,12.949191868562986,77.65869119208747,0.03182343766093254,0.06364687532186508,mosdac_insat3dr,3RIMG_L2B_IMC,4000,mm per 30-minute accumulation,valid_source_pixel,True,False,False,historical_observed_satellite_estimate
2022-09-04T22:15:00Z,2022-09-04T22:15:00Z,12.928051644393918,77.66,12.928051644393918,77.66,12.913014709012685,77.65869119208747,0.03573257103562355,0.0714651420712471,mosdac_insat3dr,3RIMG_L2B_IMC,4000,mm per 30-minute accumulation,valid_source_pixel,True,False,False,historical_observed_satellite_estimate
2022-09-04T22:45:00Z,2022-09-04T22:45:00Z,12.938051644393918,77.66,12.938051644393918,77.66,12.949191868562986,77.65869119208747,0.02099735476076603,0.04199470952153206,mosdac_insat3dr,3RIMG_L2B_IMC,4000,mm per 30-minute accumulation,valid_source_pixel,True,False,False,historical_observed_satellite_estimate
2022-09-04T22:45:00Z,2022-09-04T22:45:00Z,12.928051644393918,77.66,12.928051644393918,77.66,12.913014709012685,77.65869119208747,0.02279636822640896,0.04559273645281792,mosdac_insat3dr,3RIMG_L2B_IMC,4000,mm per 30-minute accumulation,valid_source_pixel,True,False,False,historical_observed_satellite_estimate
2022-09-04T23:15:00Z,2022-09-04T23:15:00Z,12.938051644393918,77.66,12.938051644393918,77.66,12.949191868562986,77.65869119208747,0.01825598254799843,0.03651196509599686,mosdac_insat3dr,3RIMG_L2B_IMC,4000,mm per 30-minute accumulation,valid_source_pixel,True,False,False,historical_observed_satellite_estimate
2022-09-04T23:15:00Z,2022-09-04T23:15:00Z,12.928051644393918,77.66,12.928051644393918,77.66,12.913014709012685,77.65869119208747,0.01786167360842228,0.03572334721684456,mosdac_insat3dr,3RIMG_L2B_IMC,4000,mm per 30-minute accumulation,valid_source_pixel,True,False,False,historical_observed_satellite_estimate
2022-09-04T23:45:00Z,2022-09-04T23:45:00Z,12.938051644393918,77.66,12.938051644393918,77.66,12.949191868562986,77.65869119208747,0.012674832716584206,0.02534966543316841,mosdac_insat3dr,3RIMG_L2B_IMC,4000,mm per 30-minute accumulation,valid_source_pixel,True,False,False,historical_observed_satellite_estimate
2022-09-04T23:45:00Z,2022-09-04T23:45:00Z,12.928051644393918,77.66,12.928051644393918,77.66,12.913014709012685,77.65869119208747,0.012456067837774754,0.024912135675549507,mosdac_insat3dr,3RIMG_L2B_IMC,4000,mm per 30-minute accumulation,valid_source_pixel,True,False,False,historical_observed_satellite_estimate
2022-09-05T00:15:00Z,2022-09-05T00:15:00Z,12.938051644393918,77.66,12.938051644393918,77.66,12.949191868562986,77.65869119208747,0.0,0.0,mosdac_insat3dr,3RIMG_L2B_IMC,4000,mm per 30-minute accumulation,valid_source_pixel,True,False,False,historical_observed_satellite_estimate
2022-09-05T00:15:00Z,2022-09-05T00:15:00Z,12.928051644393918,77.66,12.928051644393918,77.66,12.913014709012685,77.65869119208747,0.0,0.0,mosdac_insat3dr,3RIMG_L2B_IMC,4000,mm per 30-minute accumulation,valid_source_pixel,True,False,False,historical_observed_satellite_estimate
2022-09-05T00:45:00Z,2022-09-05T00:45:00Z,12.938051644393918,77.66,12.938051644393918,77.66,12.949191868562986,77.65869119208747,0.0,0.0,mosdac_insat3dr,3RIMG_L2B_IMC,4000,mm per 30-minute accumulation,valid_source_pixel,True,False,False,historical_observed_satellite_estimate
2022-09-05T00:45:00Z,2022-09-05T00:45:00Z,12.928051644393918,77.66,12.928051644393918,77.66,12.913014709012685,77.65869119208747,0.0,0.0,mosdac_insat3dr,3RIMG_L2B_IMC,4000,mm per 30-minute accumulation,valid_source_pixel,True,False,False,historical_observed_satellite_estimate
2022-09-05T01:15:00Z,2022-09-05T01:15:00Z,12.938051644393918,77.66,12.938051644393918,77.66,12.949191868562986,77.65869119208747,0.31857770681381226,0.6371554136276245,mosdac_insat3dr,3RIMG_L2B_IMC,4000,mm per 30-minute accumulation,valid_source_pixel,True,False,False,historical_observed_satellite_estimate
2022-09-05T01:15:00Z,2022-09-05T01:15:00Z,12.928051644393918,77.66,12.928051644393918,77.66,12.913014709012685,77.65869119208747,0.3029690384864807,0.6059380769729614,mosdac_insat3dr,3RIMG_L2B_IMC,4000,mm per 30-minute accumulation,valid_source_pixel,True,False,False,historical_observed_satellite_estimate
2022-09-05T01:45:00Z,2022-09-05T01:45:00Z,12.938051644393918,77.66,12.938051644393918,77.66,12.949191868562986,77.65869119208747,0.022484472021460533,0.044968944042921066,mosdac_insat3dr,3RIMG_L2B_IMC,4000,mm per 30-minute accumulation,valid_source_pixel,True,False,False,historical_observed_satellite_estimate
2022-09-05T01:45:00Z,2022-09-05T01:45:00Z,12.928051644393918,77.66,12.928051644393918,77.66,12.913014709012685,77.65869119208747,0.025383969768881798,0.050767939537763596,mosdac_insat3dr,3RIMG_L2B_IMC,4000,mm per 30-minute accumulation,valid_source_pixel,True,False,False,historical_observed_satellite_estimate
2022-09-05T02:15:00Z,2022-09-05T02:15:00Z,12.938051644393918,77.66,12.938051644393918,77.66,12.949191868562986,77.65869119208747,0.0,0.0,mosdac_insat3dr,3RIMG_L2B_IMC,4000,mm per 30-minute accumulation,valid_source_pixel,True,False,False,historical_observed_satellite_estimate
2022-09-05T02:15:00Z,2022-09-05T02:15:00Z,12.928051644393918,77.66,12.928051644393918,77.66,12.913014709012685,77.65869119208747,0.0,0.0,mosdac_insat3dr,3RIMG_L2B_IMC,4000,mm per 30-minute accumulation,valid_source_pixel,True,False,False,historical_observed_satellite_estimate
2022-09-05T02:45:00Z,2022-09-05T02:45:00Z,12.938051644393918,77.66,12.938051644393918,77.66,12.949191868562986,77.65869119208747,0.0,0.0,mosdac_insat3dr,3RIMG_L2B_IMC,4000,mm per 30-minute accumulation,valid_source_pixel,True,False,False,historical_observed_satellite_estimate
2022-09-05T02:45:00Z,2022-09-05T02:45:00Z,12.928051644393918,77.66,12.928051644393918,77.66,12.913014709012685,77.65869119208747,0.0,0.0,mosdac_insat3dr,3RIMG_L2B_IMC,4000,mm per 30-minute accumulation,valid_source_pixel,True,False,False,historical_observed_satellite_estimate
2022-09-05T03:15:00Z,2022-09-05T03:15:00Z,12.938051644393918,77.66,12.938051644393918,77.66,12.949191868562986,77.65869119208747,0.0,0.0,mosdac_insat3dr,3RIMG_L2B_IMC,4000,mm per 30-minute accumulation,valid_source_pixel,True,False,False,historical_observed_satellite_estimate
2022-09-05T03:15:00Z,2022-09-05T03:15:00Z,12.928051644393918,77.66,12.928051644393918,77.66,12.913014709012685,77.65869119208747,0.0,0.0,mosdac_insat3dr,3RIMG_L2B_IMC,4000,mm per 30-minute accumulation,valid_source_pixel,True,False,False,historical_observed_satellite_estimate
2022-09-05T03:45:00Z,2022-09-05T03:45:00Z,12.938051644393918,77.66,12.938051644393918,77.66,12.949191868562986,77.65869119208747,0.0,0.0,mosdac_insat3dr,3RIMG_L2B_IMC,4000,mm per 30-minute accumulation,valid_source_pixel,True,False,False,historical_observed_satellite_estimate
2022-09-05T03:45:00Z,2022-09-05T03:45:00Z,12.928051644393918,77.66,12.928051644393918,77.66,12.913014709012685,77.65869119208747,0.0,0.0,mosdac_insat3dr,3RIMG_L2B_IMC,4000,mm per 30-minute accumulation,valid_source_pixel,True,False,False,historical_observed_satellite_estimate
2022-09-05T04:15:00Z,2022-09-05T04:15:00Z,12.938051644393918,77.66,12.938051644393918,77.66,12.949191868562986,77.65869119208747,0.0,0.0,mosdac_insat3dr,3RIMG_L2B_IMC,4000,mm per 30-minute accumulation,valid_source_pixel,True,False,False,historical_observed_satellite_estimate
2022-09-05T04:15:00Z,2022-09-05T04:15:00Z,12.928051644393918,77.66,12.928051644393918,77.66,12.913014709012685,77.65869119208747,0.0,0.0,mosdac_insat3dr,3RIMG_L2B_IMC,4000,mm per 30-minute accumulation,valid_source_pixel,True,False,False,historical_observed_satellite_estimate
2022-09-05T04:45:00Z,2022-09-05T04:45:00Z,12.938051644393918,77.66,12.938051644393918,77.66,12.949191868562986,77.65869119208747,0.0,0.0,mosdac_insat3dr,3RIMG_L2B_IMC,4000,mm per 30-minute accumulation,valid_source_pixel,True,False,False,historical_observed_satellite_estimate
2022-09-05T04:45:00Z,2022-09-05T04:45:00Z,12.928051644393918,77.66,12.928051644393918,77.66,12.913014709012685,77.65869119208747,0.0,0.0,mosdac_insat3dr,3RIMG_L2B_IMC,4000,mm per 30-minute accumulation,valid_source_pixel,True,False,False,historical_observed_satellite_estimate
2022-09-05T05:15:00Z,2022-09-05T05:15:00Z,12.938051644393918,77.66,12.938051644393918,77.66,12.949191868562986,77.65869119208747,0.0,0.0,mosdac_insat3dr,3RIMG_L2B_IMC,4000,mm per 30-minute accumulation,valid_source_pixel,True,False,False,historical_observed_satellite_estimate
2022-09-05T05:15:00Z,2022-09-05T05:15:00Z,12.928051644393918,77.66,12.928051644393918,77.66,12.913014709012685,77.65869119208747,0.0,0.0,mosdac_insat3dr,3RIMG_L2B_IMC,4000,mm per 30-minute accumulation,valid_source_pixel,True,False,False,historical_observed_satellite_estimate
2022-09-05T05:45:00Z,2022-09-05T05:45:00Z,12.938051644393918,77.66,12.938051644393918,77.66,12.949191868562986,77.65869119208747,0.0,0.0,mosdac_insat3dr,3RIMG_L2B_IMC,4000,mm per 30-minute accumulation,valid_source_pixel,True,False,False,historical_observed_satellite_estimate
2022-09-05T05:45:00Z,2022-09-05T05:45:00Z,12.928051644393918,77.66,12.928051644393918,77.66,12.913014709012685,77.65869119208747,0.0,0.0,mosdac_insat3dr,3RIMG_L2B_IMC,4000,mm per 30-minute accumulation,valid_source_pixel,True,False,False,historical_observed_satellite_estimate
2022-09-05T06:15:00Z,2022-09-05T06:15:00Z,12.938051644393918,77.66,12.938051644393918,77.66,12.949191868562986,77.65869119208747,0.0,0.0,mosdac_insat3dr,3RIMG_L2B_IMC,4000,mm per 30-minute accumulation,valid_source_pixel,True,False,False,historical_observed_satellite_estimate
2022-09-05T06:15:00Z,2022-09-05T06:15:00Z,12.928051644393918,77.66,12.928051644393918,77.66,12.913014709012685,77.65869119208747,0.0,0.0,mosdac_insat3dr,3RIMG_L2B_IMC,4000,mm per 30-minute accumulation,valid_source_pixel,True,False,False,historical_observed_satellite_estimate
2022-09-05T06:45:00Z,2022-09-05T06:45:00Z,12.938051644393918,77.66,12.938051644393918,77.66,12.949191868562986,77.65869119208747,0.0,0.0,mosdac_insat3dr,3RIMG_L2B_IMC,4000,mm per 30-minute accumulation,valid_source_pixel,True,False,False,historical_observed_satellite_estimate
2022-09-05T06:45:00Z,2022-09-05T06:45:00Z,12.928051644393918,77.66,12.928051644393918,77.66,12.913014709012685,77.65869119208747,0.0,0.0,mosdac_insat3dr,3RIMG_L2B_IMC,4000,mm per 30-minute accumulation,valid_source_pixel,True,False,False,historical_observed_satellite_estimate
2022-09-05T07:15:00Z,2022-09-05T07:15:00Z,12.938051644393918,77.66,12.938051644393918,77.66,12.949191868562986,77.65869119208747,0.0,0.0,mosdac_insat3dr,3RIMG_L2B_IMC,4000,mm per 30-minute accumulation,valid_source_pixel,True,False,False,historical_observed_satellite_estimate
2022-09-05T07:15:00Z,2022-09-05T07:15:00Z,12.928051644393918,77.66,12.928051644393918,77.66,12.913014709012685,77.65869119208747,0.0,0.0,mosdac_insat3dr,3RIMG_L2B_IMC,4000,mm per 30-minute accumulation,valid_source_pixel,True,False,False,historical_observed_satellite_estimate
2022-09-05T07:45:00Z,2022-09-05T07:45:00Z,12.938051644393918,77.66,12.938051644393918,77.66,12.949191868562986,77.65869119208747,0.0,0.0,mosdac_insat3dr,3RIMG_L2B_IMC,4000,mm per 30-minute accumulation,valid_source_pixel,True,False,False,historical_observed_satellite_estimate
2022-09-05T07:45:00Z,2022-09-05T07:45:00Z,12.928051644393918,77.66,12.928051644393918,77.66,12.913014709012685,77.65869119208747,0.0,0.0,mosdac_insat3dr,3RIMG_L2B_IMC,4000,mm per 30-minute accumulation,valid_source_pixel,True,False,False,historical_observed_satellite_estimate
2022-09-05T08:15:00Z,2022-09-05T08:15:00Z,12.938051644393918,77.66,12.938051644393918,77.66,12.949191868562986,77.65869119208747,0.0,0.0,mosdac_insat3dr,3RIMG_L2B_IMC,4000,mm per 30-minute accumulation,valid_source_pixel,True,False,False,historical_observed_satellite_estimate
2022-09-05T08:15:00Z,2022-09-05T08:15:00Z,12.928051644393918,77.66,12.928051644393918,77.66,12.913014709012685,77.65869119208747,0.0,0.0,mosdac_insat3dr,3RIMG_L2B_IMC,4000,mm per 30-minute accumulation,valid_source_pixel,True,False,False,historical_observed_satellite_estimate
2022-09-05T08:45:00Z,2022-09-05T08:45:00Z,12.938051644393918,77.66,12.938051644393918,77.66,12.949191868562986,77.65869119208747,0.0,0.0,mosdac_insat3dr,3RIMG_L2B_IMC,4000,mm per 30-minute accumulation,valid_source_pixel,True,False,False,historical_observed_satellite_estimate
2022-09-05T08:45:00Z,2022-09-05T08:45:00Z,12.928051644393918,77.66,12.928051644393918,77.66,12.913014709012685,77.65869119208747,0.0,0.0,mosdac_insat3dr,3RIMG_L2B_IMC,4000,mm per 30-minute accumulation,valid_source_pixel,True,False,False,historical_observed_satellite_estimate
2022-09-05T09:15:00Z,2022-09-05T09:15:00Z,12.938051644393918,77.66,12.938051644393918,77.66,12.949191868562986,77.65869119208747,0.0,0.0,mosdac_insat3dr,3RIMG_L2B_IMC,4000,mm per 30-minute accumulation,valid_source_pixel,True,False,False,historical_observed_satellite_estimate
2022-09-05T09:15:00Z,2022-09-05T09:15:00Z,12.928051644393918,77.66,12.928051644393918,77.66,12.913014709012685,77.65869119208747,0.0,0.0,mosdac_insat3dr,3RIMG_L2B_IMC,4000,mm per 30-minute accumulation,valid_source_pixel,True,False,False,historical_observed_satellite_estimate
2022-09-05T09:45:00Z,2022-09-05T09:45:00Z,12.938051644393918,77.66,12.938051644393918,77.66,12.949191868562986,77.65869119208747,0.0,0.0,mosdac_insat3dr,3RIMG_L2B_IMC,4000,mm per 30-minute accumulation,valid_source_pixel,True,False,False,historical_observed_satellite_estimate
2022-09-05T09:45:00Z,2022-09-05T09:45:00Z,12.928051644393918,77.66,12.928051644393918,77.66,12.913014709012685,77.65869119208747,0.0,0.0,mosdac_insat3dr,3RIMG_L2B_IMC,4000,mm per 30-minute accumulation,valid_source_pixel,True,False,False,historical_observed_satellite_estimate
2022-09-05T10:15:00Z,2022-09-05T10:15:00Z,12.938051644393918,77.66,12.938051644393918,77.66,12.949191868562986,77.65869119208747,0.0,0.0,mosdac_insat3dr,3RIMG_L2B_IMC,4000,mm per 30-minute accumulation,valid_source_pixel,True,False,False,historical_observed_satellite_estimate
2022-09-05T10:15:00Z,2022-09-05T10:15:00Z,12.928051644393918,77.66,12.928051644393918,77.66,12.913014709012685,77.65869119208747,0.0,0.0,mosdac_insat3dr,3RIMG_L2B_IMC,4000,mm per 30-minute accumulation,valid_source_pixel,True,False,False,historical_observed_satellite_estimate
2022-09-05T10:45:00Z,2022-09-05T10:45:00Z,12.938051644393918,77.66,12.938051644393918,77.66,12.949191868562986,77.65869119208747,0.0,0.0,mosdac_insat3dr,3RIMG_L2B_IMC,4000,mm per 30-minute accumulation,valid_source_pixel,True,False,False,historical_observed_satellite_estimate
2022-09-05T10:45:00Z,2022-09-05T10:45:00Z,12.928051644393918,77.66,12.928051644393918,77.66,12.913014709012685,77.65869119208747,0.0,0.0,mosdac_insat3dr,3RIMG_L2B_IMC,4000,mm per 30-minute accumulation,valid_source_pixel,True,False,False,historical_observed_satellite_estimate
2022-09-05T11:15:00Z,2022-09-05T11:15:00Z,12.938051644393918,77.66,12.938051644393918,77.66,12.949191868562986,77.65869119208747,0.0,0.0,mosdac_insat3dr,3RIMG_L2B_IMC,4000,mm per 30-minute accumulation,valid_source_pixel,True,False,False,historical_observed_satellite_estimate
2022-09-05T11:15:00Z,2022-09-05T11:15:00Z,12.928051644393918,77.66,12.928051644393918,77.66,12.913014709012685,77.65869119208747,0.0,0.0,mosdac_insat3dr,3RIMG_L2B_IMC,4000,mm per 30-minute accumulation,valid_source_pixel,True,False,False,historical_observed_satellite_estimate
2022-09-05T11:45:00Z,2022-09-05T11:45:00Z,12.938051644393918,77.66,12.938051644393918,77.66,12.949191868562986,77.65869119208747,0.0,0.0,mosdac_insat3dr,3RIMG_L2B_IMC,4000,mm per 30-minute accumulation,valid_source_pixel,True,False,False,historical_observed_satellite_estimate
2022-09-05T11:45:00Z,2022-09-05T11:45:00Z,12.928051644393918,77.66,12.928051644393918,77.66,12.913014709012685,77.65869119208747,0.0,0.0,mosdac_insat3dr,3RIMG_L2B_IMC,4000,mm per 30-minute accumulation,valid_source_pixel,True,False,False,historical_observed_satellite_estimate
2022-09-05T12:15:00Z,2022-09-05T12:15:00Z,12.938051644393918,77.66,12.938051644393918,77.66,12.949191868562986,77.65869119208747,0.0,0.0,mosdac_insat3dr,3RIMG_L2B_IMC,4000,mm per 30-minute accumulation,valid_source_pixel,True,False,False,historical_observed_satellite_estimate
2022-09-05T12:15:00Z,2022-09-05T12:15:00Z,12.928051644393918,77.66,12.928051644393918,77.66,12.913014709012685,77.65869119208747,0.0,0.0,mosdac_insat3dr,3RIMG_L2B_IMC,4000,mm per 30-minute accumulation,valid_source_pixel,True,False,False,historical_observed_satellite_estimate
2022-09-05T12:45:00Z,2022-09-05T12:45:00Z,12.938051644393918,77.66,12.938051644393918,77.66,12.949191868562986,77.65869119208747,0.0,0.0,mosdac_insat3dr,3RIMG_L2B_IMC,4000,mm per 30-minute accumulation,valid_source_pixel,True,False,False,historical_observed_satellite_estimate
2022-09-05T12:45:00Z,2022-09-05T12:45:00Z,12.928051644393918,77.66,12.928051644393918,77.66,12.913014709012685,77.65869119208747,0.0,0.0,mosdac_insat3dr,3RIMG_L2B_IMC,4000,mm per 30-minute accumulation,valid_source_pixel,True,False,False,historical_observed_satellite_estimate
2022-09-05T13:15:00Z,2022-09-05T13:15:00Z,12.938051644393918,77.66,12.938051644393918,77.66,12.949191868562986,77.65869119208747,0.0,0.0,mosdac_insat3dr,3RIMG_L2B_IMC,4000,mm per 30-minute accumulation,valid_source_pixel,True,False,False,historical_observed_satellite_estimate
2022-09-05T13:15:00Z,2022-09-05T13:15:00Z,12.928051644393918,77.66,12.928051644393918,77.66,12.913014709012685,77.65869119208747,0.0,0.0,mosdac_insat3dr,3RIMG_L2B_IMC,4000,mm per 30-minute accumulation,valid_source_pixel,True,False,False,historical_observed_satellite_estimate
2022-09-05T13:45:00Z,2022-09-05T13:45:00Z,12.938051644393918,77.66,12.938051644393918,77.66,12.949191868562986,77.65869119208747,0.7115835547447205,1.423167109489441,mosdac_insat3dr,3RIMG_L2B_IMC,4000,mm per 30-minute accumulation,valid_source_pixel,True,False,False,historical_observed_satellite_estimate
2022-09-05T13:45:00Z,2022-09-05T13:45:00Z,12.928051644393918,77.66,12.928051644393918,77.66,12.913014709012685,77.65869119208747,0.38864749670028687,0.7772949934005737,mosdac_insat3dr,3RIMG_L2B_IMC,4000,mm per 30-minute accumulation,valid_source_pixel,True,False,False,historical_observed_satellite_estimate
2022-09-05T14:15:00Z,2022-09-05T14:15:00Z,12.938051644393918,77.66,12.938051644393918,77.66,12.949191868562986,77.65869119208747,0.07887142896652222,0.15774285793304443,mosdac_insat3dr,3RIMG_L2B_IMC,4000,mm per 30-minute accumulation,valid_source_pixel,True,False,False,historical_observed_satellite_estimate
2022-09-05T14:15:00Z,2022-09-05T14:15:00Z,12.928051644393918,77.66,12.928051644393918,77.66,12.913014709012685,77.65869119208747,1.1088567972183228,2.2177135944366455,mosdac_insat3dr,3RIMG_L2B_IMC,4000,mm per 30-minute accumulation,valid_source_pixel,True,False,False,historical_observed_satellite_estimate
2022-09-05T14:45:00Z,2022-09-05T14:45:00Z,12.938051644393918,77.66,12.938051644393918,77.66,12.949191868562986,77.65869119208747,1.236557960510254,2.473115921020508,mosdac_insat3dr,3RIMG_L2B_IMC,4000,mm per 30-minute accumulation,valid_source_pixel,True,False,False,historical_observed_satellite_estimate
2022-09-05T14:45:00Z,2022-09-05T14:45:00Z,12.928051644393918,77.66,12.928051644393918,77.66,12.913014709012685,77.65869119208747,1.1719882488250732,2.3439764976501465,mosdac_insat3dr,3RIMG_L2B_IMC,4000,mm per 30-minute accumulation,valid_source_pixel,True,False,False,historical_observed_satellite_estimate
2022-09-05T15:15:00Z,2022-09-05T15:15:00Z,12.938051644393918,77.66,12.938051644393918,77.66,12.949191868562986,77.65869119208747,2.0157477855682373,4.031495571136475,mosdac_insat3dr,3RIMG_L2B_IMC,4000,mm per 30-minute accumulation,valid_source_pixel,True,False,False,historical_observed_satellite_estimate
2022-09-05T15:15:00Z,2022-09-05T15:15:00Z,12.928051644393918,77.66,12.928051644393918,77.66,12.913014709012685,77.65869119208747,1.6858819723129272,3.3717639446258545,mosdac_insat3dr,3RIMG_L2B_IMC,4000,mm per 30-minute accumulation,valid_source_pixel,True,False,False,historical_observed_satellite_estimate
2022-09-05T15:45:00Z,2022-09-05T15:45:00Z,12.938051644393918,77.66,12.938051644393918,77.66,12.949191868562986,77.65869119208747,11.851128578186035,23.70225715637207,mosdac_insat3dr,3RIMG_L2B_IMC,4000,mm per 30-minute accumulation,valid_source_pixel,True,False,False,historical_observed_satellite_estimate
2022-09-05T15:45:00Z,2022-09-05T15:45:00Z,12.928051644393918,77.66,12.928051644393918,77.66,12.913014709012685,77.65869119208747,11.231769561767578,22.463539123535156,mosdac_insat3dr,3RIMG_L2B_IMC,4000,mm per 30-minute accumulation,valid_source_pixel,True,False,False,historical_observed_satellite_estimate
2022-09-05T16:15:00Z,2022-09-05T16:15:00Z,12.938051644393918,77.66,12.938051644393918,77.66,12.949191868562986,77.65869119208747,13.369134902954102,26.738269805908203,mosdac_insat3dr,3RIMG_L2B_IMC,4000,mm per 30-minute accumulation,valid_source_pixel,True,False,False,historical_observed_satellite_estimate
2022-09-05T16:15:00Z,2022-09-05T16:15:00Z,12.928051644393918,77.66,12.928051644393918,77.66,12.913014709012685,77.65869119208747,0.8122158050537109,1.6244316101074219,mosdac_insat3dr,3RIMG_L2B_IMC,4000,mm per 30-minute accumulation,valid_source_pixel,True,False,False,historical_observed_satellite_estimate
2022-09-05T16:45:00Z,2022-09-05T16:45:00Z,12.938051644393918,77.66,12.938051644393918,77.66,12.949191868562986,77.65869119208747,0.7064947485923767,1.4129894971847534,mosdac_insat3dr,3RIMG_L2B_IMC,4000,mm per 30-minute accumulation,valid_source_pixel,True,False,False,historical_observed_satellite_estimate
2022-09-05T16:45:00Z,2022-09-05T16:45:00Z,12.928051644393918,77.66,12.928051644393918,77.66,12.913014709012685,77.65869119208747,15.502614974975586,31.005229949951172,mosdac_insat3dr,3RIMG_L2B_IMC,4000,mm per 30-minute accumulation,valid_source_pixel,True,False,False,historical_observed_satellite_estimate
2022-09-05T22:15:00Z,2022-09-05T22:15:00Z,12.938051644393918,77.66,12.938051644393918,77.66,12.949191868562986,77.65869119208747,0.01823480799794197,0.03646961599588394,mosdac_insat3dr,3RIMG_L2B_IMC,4000,mm per 30-minute accumulation,valid_source_pixel,True,False,False,historical_observed_satellite_estimate
2022-09-05T22:15:00Z,2022-09-05T22:15:00Z,12.928051644393918,77.66,12.928051644393918,77.66,12.913014709012685,77.65869119208747,0.02024618722498417,0.04049237444996834,mosdac_insat3dr,3RIMG_L2B_IMC,4000,mm per 30-minute accumulation,valid_source_pixel,True,False,False,historical_observed_satellite_estimate
2022-09-05T22:45:00Z,2022-09-05T22:45:00Z,12.938051644393918,77.66,12.938051644393918,77.66,12.949191868562986,77.65869119208747,0.012647685594856739,0.025295371189713478,mosdac_insat3dr,3RIMG_L2B_IMC,4000,mm per 30-minute accumulation,valid_source_pixel,True,False,False,historical_observed_satellite_estimate
2022-09-05T22:45:00Z,2022-09-05T22:45:00Z,12.928051644393918,77.66,12.928051644393918,77.66,12.913014709012685,77.65869119208747,0.017317986115813255,0.03463597223162651,mosdac_insat3dr,3RIMG_L2B_IMC,4000,mm per 30-minute accumulation,valid_source_pixel,True,False,False,historical_observed_satellite_estimate
2022-09-05T23:15:00Z,2022-09-05T23:15:00Z,12.938051644393918,77.66,12.938051644393918,77.66,12.949191868562986,77.65869119208747,0.0,0.0,mosdac_insat3dr,3RIMG_L2B_IMC,4000,mm per 30-minute accumulation,valid_source_pixel,True,False,False,historical_observed_satellite_estimate
2022-09-05T23:15:00Z,2022-09-05T23:15:00Z,12.928051644393918,77.66,12.928051644393918,77.66,12.913014709012685,77.65869119208747,0.010050746612250805,0.02010149322450161,mosdac_insat3dr,3RIMG_L2B_IMC,4000,mm per 30-minute accumulation,valid_source_pixel,True,False,False,historical_observed_satellite_estimate
2022-09-05T23:45:00Z,2022-09-05T23:45:00Z,12.938051644393918,77.66,12.938051644393918,77.66,12.949191868562986,77.65869119208747,0.0,0.0,mosdac_insat3dr,3RIMG_L2B_IMC,4000,mm per 30-minute accumulation,valid_source_pixel,True,False,False,historical_observed_satellite_estimate
2022-09-05T23:45:00Z,2022-09-05T23:45:00Z,12.928051644393918,77.66,12.928051644393918,77.66,12.913014709012685,77.65869119208747,0.0,0.0,mosdac_insat3dr,3RIMG_L2B_IMC,4000,mm per 30-minute accumulation,valid_source_pixel,True,False,False,historical_observed_satellite_estimate
2022-09-06T00:15:00Z,2022-09-06T00:15:00Z,12.938051644393918,77.66,12.938051644393918,77.66,12.949191868562986,77.65869119208747,0.0,0.0,mosdac_insat3dr,3RIMG_L2B_IMC,4000,mm per 30-minute accumulation,valid_source_pixel,True,False,False,historical_observed_satellite_estimate
2022-09-06T00:15:00Z,2022-09-06T00:15:00Z,12.928051644393918,77.66,12.928051644393918,77.66,12.913014709012685,77.65869119208747,0.0,0.0,mosdac_insat3dr,3RIMG_L2B_IMC,4000,mm per 30-minute accumulation,valid_source_pixel,True,False,False,historical_observed_satellite_estimate
2022-09-06T00:45:00Z,2022-09-06T00:45:00Z,12.938051644393918,77.66,12.938051644393918,77.66,12.949191868562986,77.65869119208747,0.0,0.0,mosdac_insat3dr,3RIMG_L2B_IMC,4000,mm per 30-minute accumulation,valid_source_pixel,True,False,False,historical_observed_satellite_estimate
2022-09-06T00:45:00Z,2022-09-06T00:45:00Z,12.928051644393918,77.66,12.928051644393918,77.66,12.913014709012685,77.65869119208747,0.0,0.0,mosdac_insat3dr,3RIMG_L2B_IMC,4000,mm per 30-minute accumulation,valid_source_pixel,True,False,False,historical_observed_satellite_estimate
2022-09-06T01:15:00Z,2022-09-06T01:15:00Z,12.938051644393918,77.66,12.938051644393918,77.66,12.949191868562986,77.65869119208747,0.0,0.0,mosdac_insat3dr,3RIMG_L2B_IMC,4000,mm per 30-minute accumulation,valid_source_pixel,True,False,False,historical_observed_satellite_estimate
2022-09-06T01:15:00Z,2022-09-06T01:15:00Z,12.928051644393918,77.66,12.928051644393918,77.66,12.913014709012685,77.65869119208747,0.0,0.0,mosdac_insat3dr,3RIMG_L2B_IMC,4000,mm per 30-minute accumulation,valid_source_pixel,True,False,False,historical_observed_satellite_estimate
2022-09-06T01:45:00Z,2022-09-06T01:45:00Z,12.938051644393918,77.66,12.938051644393918,77.66,12.949191868562986,77.65869119208747,0.0,0.0,mosdac_insat3dr,3RIMG_L2B_IMC,4000,mm per 30-minute accumulation,valid_source_pixel,True,False,False,historical_observed_satellite_estimate
2022-09-06T01:45:00Z,2022-09-06T01:45:00Z,12.928051644393918,77.66,12.928051644393918,77.66,12.913014709012685,77.65869119208747,0.0,0.0,mosdac_insat3dr,3RIMG_L2B_IMC,4000,mm per 30-minute accumulation,valid_source_pixel,True,False,False,historical_observed_satellite_estimate
2022-09-06T02:15:00Z,2022-09-06T02:15:00Z,12.938051644393918,77.66,12.938051644393918,77.66,12.949191868562986,77.65869119208747,0.0,0.0,mosdac_insat3dr,3RIMG_L2B_IMC,4000,mm per 30-minute accumulation,valid_source_pixel,True,False,False,historical_observed_satellite_estimate
2022-09-06T02:15:00Z,2022-09-06T02:15:00Z,12.928051644393918,77.66,12.928051644393918,77.66,12.913014709012685,77.65869119208747,0.0,0.0,mosdac_insat3dr,3RIMG_L2B_IMC,4000,mm per 30-minute accumulation,valid_source_pixel,True,False,False,historical_observed_satellite_estimate
2022-09-06T02:45:00Z,2022-09-06T02:45:00Z,12.938051644393918,77.66,12.938051644393918,77.66,12.949191868562986,77.65869119208747,0.0,0.0,mosdac_insat3dr,3RIMG_L2B_IMC,4000,mm per 30-minute accumulation,valid_source_pixel,True,False,False,historical_observed_satellite_estimate
2022-09-06T02:45:00Z,2022-09-06T02:45:00Z,12.928051644393918,77.66,12.928051644393918,77.66,12.913014709012685,77.65869119208747,0.0,0.0,mosdac_insat3dr,3RIMG_L2B_IMC,4000,mm per 30-minute accumulation,valid_source_pixel,True,False,False,historical_observed_satellite_estimate
2022-09-06T03:15:00Z,2022-09-06T03:15:00Z,12.938051644393918,77.66,12.938051644393918,77.66,12.949191868562986,77.65869119208747,0.0,0.0,mosdac_insat3dr,3RIMG_L2B_IMC,4000,mm per 30-minute accumulation,valid_source_pixel,True,False,False,historical_observed_satellite_estimate
2022-09-06T03:15:00Z,2022-09-06T03:15:00Z,12.928051644393918,77.66,12.928051644393918,77.66,12.913014709012685,77.65869119208747,0.0,0.0,mosdac_insat3dr,3RIMG_L2B_IMC,4000,mm per 30-minute accumulation,valid_source_pixel,True,False,False,historical_observed_satellite_estimate
2022-09-06T03:45:00Z,2022-09-06T03:45:00Z,12.938051644393918,77.66,12.938051644393918,77.66,12.949191868562986,77.65869119208747,0.0,0.0,mosdac_insat3dr,3RIMG_L2B_IMC,4000,mm per 30-minute accumulation,valid_source_pixel,True,False,False,historical_observed_satellite_estimate
2022-09-06T03:45:00Z,2022-09-06T03:45:00Z,12.928051644393918,77.66,12.928051644393918,77.66,12.913014709012685,77.65869119208747,0.0,0.0,mosdac_insat3dr,3RIMG_L2B_IMC,4000,mm per 30-minute accumulation,valid_source_pixel,True,False,False,historical_observed_satellite_estimate
2022-09-06T04:15:00Z,2022-09-06T04:15:00Z,12.938051644393918,77.66,12.938051644393918,77.66,12.949191868562986,77.65869119208747,0.0,0.0,mosdac_insat3dr,3RIMG_L2B_IMC,4000,mm per 30-minute accumulation,valid_source_pixel,True,False,False,historical_observed_satellite_estimate
2022-09-06T04:15:00Z,2022-09-06T04:15:00Z,12.928051644393918,77.66,12.928051644393918,77.66,12.913014709012685,77.65869119208747,0.0,0.0,mosdac_insat3dr,3RIMG_L2B_IMC,4000,mm per 30-minute accumulation,valid_source_pixel,True,False,False,historical_observed_satellite_estimate
2022-09-06T04:45:00Z,2022-09-06T04:45:00Z,12.938051644393918,77.66,12.938051644393918,77.66,12.949191868562986,77.65869119208747,0.0,0.0,mosdac_insat3dr,3RIMG_L2B_IMC,4000,mm per 30-minute accumulation,valid_source_pixel,True,False,False,historical_observed_satellite_estimate
2022-09-06T04:45:00Z,2022-09-06T04:45:00Z,12.928051644393918,77.66,12.928051644393918,77.66,12.913014709012685,77.65869119208747,0.0,0.0,mosdac_insat3dr,3RIMG_L2B_IMC,4000,mm per 30-minute accumulation,valid_source_pixel,True,False,False,historical_observed_satellite_estimate
2022-09-06T05:15:00Z,2022-09-06T05:15:00Z,12.938051644393918,77.66,12.938051644393918,77.66,12.949191868562986,77.65869119208747,0.0,0.0,mosdac_insat3dr,3RIMG_L2B_IMC,4000,mm per 30-minute accumulation,valid_source_pixel,True,False,False,historical_observed_satellite_estimate
2022-09-06T05:15:00Z,2022-09-06T05:15:00Z,12.928051644393918,77.66,12.928051644393918,77.66,12.913014709012685,77.65869119208747,0.0,0.0,mosdac_insat3dr,3RIMG_L2B_IMC,4000,mm per 30-minute accumulation,valid_source_pixel,True,False,False,historical_observed_satellite_estimate
2022-09-06T05:45:00Z,2022-09-06T05:45:00Z,12.938051644393918,77.66,12.938051644393918,77.66,12.949191868562986,77.65869119208747,0.0,0.0,mosdac_insat3dr,3RIMG_L2B_IMC,4000,mm per 30-minute accumulation,valid_source_pixel,True,False,False,historical_observed_satellite_estimate
2022-09-06T05:45:00Z,2022-09-06T05:45:00Z,12.928051644393918,77.66,12.928051644393918,77.66,12.913014709012685,77.65869119208747,0.0,0.0,mosdac_insat3dr,3RIMG_L2B_IMC,4000,mm per 30-minute accumulation,valid_source_pixel,True,False,False,historical_observed_satellite_estimate
2022-09-06T06:15:00Z,2022-09-06T06:15:00Z,12.938051644393918,77.66,12.938051644393918,77.66,12.949191868562986,77.65869119208747,0.0,0.0,mosdac_insat3dr,3RIMG_L2B_IMC,4000,mm per 30-minute accumulation,valid_source_pixel,True,False,False,historical_observed_satellite_estimate
2022-09-06T06:15:00Z,2022-09-06T06:15:00Z,12.928051644393918,77.66,12.928051644393918,77.66,12.913014709012685,77.65869119208747,0.0,0.0,mosdac_insat3dr,3RIMG_L2B_IMC,4000,mm per 30-minute accumulation,valid_source_pixel,True,False,False,historical_observed_satellite_estimate
2022-09-06T06:45:00Z,2022-09-06T06:45:00Z,12.938051644393918,77.66,12.938051644393918,77.66,12.949191868562986,77.65869119208747,0.0,0.0,mosdac_insat3dr,3RIMG_L2B_IMC,4000,mm per 30-minute accumulation,valid_source_pixel,True,False,False,historical_observed_satellite_estimate
2022-09-06T06:45:00Z,2022-09-06T06:45:00Z,12.928051644393918,77.66,12.928051644393918,77.66,12.913014709012685,77.65869119208747,0.0,0.0,mosdac_insat3dr,3RIMG_L2B_IMC,4000,mm per 30-minute accumulation,valid_source_pixel,True,False,False,historical_observed_satellite_estimate
2022-09-06T07:15:00Z,2022-09-06T07:15:00Z,12.938051644393918,77.66,12.938051644393918,77.66,12.949191868562986,77.65869119208747,0.0,0.0,mosdac_insat3dr,3RIMG_L2B_IMC,4000,mm per 30-minute accumulation,valid_source_pixel,True,False,False,historical_observed_satellite_estimate
2022-09-06T07:15:00Z,2022-09-06T07:15:00Z,12.928051644393918,77.66,12.928051644393918,77.66,12.913014709012685,77.65869119208747,0.0,0.0,mosdac_insat3dr,3RIMG_L2B_IMC,4000,mm per 30-minute accumulation,valid_source_pixel,True,False,False,historical_observed_satellite_estimate
2022-09-06T07:45:00Z,2022-09-06T07:45:00Z,12.938051644393918,77.66,12.938051644393918,77.66,12.949191868562986,77.65869119208747,0.0,0.0,mosdac_insat3dr,3RIMG_L2B_IMC,4000,mm per 30-minute accumulation,valid_source_pixel,True,False,False,historical_observed_satellite_estimate
2022-09-06T07:45:00Z,2022-09-06T07:45:00Z,12.928051644393918,77.66,12.928051644393918,77.66,12.913014709012685,77.65869119208747,0.0,0.0,mosdac_insat3dr,3RIMG_L2B_IMC,4000,mm per 30-minute accumulation,valid_source_pixel,True,False,False,historical_observed_satellite_estimate
2022-09-06T08:15:00Z,2022-09-06T08:15:00Z,12.938051644393918,77.66,12.938051644393918,77.66,12.949191868562986,77.65869119208747,0.0,0.0,mosdac_insat3dr,3RIMG_L2B_IMC,4000,mm per 30-minute accumulation,valid_source_pixel,True,False,False,historical_observed_satellite_estimate
2022-09-06T08:15:00Z,2022-09-06T08:15:00Z,12.928051644393918,77.66,12.928051644393918,77.66,12.913014709012685,77.65869119208747,0.0,0.0,mosdac_insat3dr,3RIMG_L2B_IMC,4000,mm per 30-minute accumulation,valid_source_pixel,True,False,False,historical_observed_satellite_estimate
2022-09-06T08:45:00Z,2022-09-06T08:45:00Z,12.938051644393918,77.66,12.938051644393918,77.66,12.949191868562986,77.65869119208747,0.0,0.0,mosdac_insat3dr,3RIMG_L2B_IMC,4000,mm per 30-minute accumulation,valid_source_pixel,True,False,False,historical_observed_satellite_estimate
2022-09-06T08:45:00Z,2022-09-06T08:45:00Z,12.928051644393918,77.66,12.928051644393918,77.66,12.913014709012685,77.65869119208747,0.0,0.0,mosdac_insat3dr,3RIMG_L2B_IMC,4000,mm per 30-minute accumulation,valid_source_pixel,True,False,False,historical_observed_satellite_estimate
2022-09-06T09:15:00Z,2022-09-06T09:15:00Z,12.938051644393918,77.66,12.938051644393918,77.66,12.949191868562986,77.65869119208747,0.035248108208179474,0.07049621641635895,mosdac_insat3dr,3RIMG_L2B_IMC,4000,mm per 30-minute accumulation,valid_source_pixel,True,False,False,historical_observed_satellite_estimate
2022-09-06T09:15:00Z,2022-09-06T09:15:00Z,12.928051644393918,77.66,12.928051644393918,77.66,12.913014709012685,77.65869119208747,0.027834966778755188,0.055669933557510376,mosdac_insat3dr,3RIMG_L2B_IMC,4000,mm per 30-minute accumulation,valid_source_pixel,True,False,False,historical_observed_satellite_estimate
2022-09-06T10:15:00Z,2022-09-06T10:15:00Z,12.938051644393918,77.66,12.938051644393918,77.66,12.949191868562986,77.65869119208747,0.3346819281578064,0.6693638563156128,mosdac_insat3dr,3RIMG_L2B_IMC,4000,mm per 30-minute accumulation,valid_source_pixel,True,False,False,historical_observed_satellite_estimate
2022-09-06T10:15:00Z,2022-09-06T10:15:00Z,12.928051644393918,77.66,12.928051644393918,77.66,12.913014709012685,77.65869119208747,0.31822431087493896,0.6364486217498779,mosdac_insat3dr,3RIMG_L2B_IMC,4000,mm per 30-minute accumulation,valid_source_pixel,True,False,False,historical_observed_satellite_estimate
2022-09-06T10:45:00Z,2022-09-06T10:45:00Z,12.938051644393918,77.66,12.938051644393918,77.66,12.949191868562986,77.65869119208747,0.39449357986450195,0.7889871597290039,mosdac_insat3dr,3RIMG_L2B_IMC,4000,mm per 30-minute accumulation,valid_source_pixel,True,False,False,historical_observed_satellite_estimate
2022-09-06T10:45:00Z,2022-09-06T10:45:00Z,12.928051644393918,77.66,12.928051644393918,77.66,12.913014709012685,77.65869119208747,0.8670316934585571,1.7340633869171143,mosdac_insat3dr,3RIMG_L2B_IMC,4000,mm per 30-minute accumulation,valid_source_pixel,True,False,False,historical_observed_satellite_estimate
2022-09-06T11:15:00Z,2022-09-06T11:15:00Z,12.938051644393918,77.66,12.938051644393918,77.66,12.949191868562986,77.65869119208747,0.4154883325099945,0.830976665019989,mosdac_insat3dr,3RIMG_L2B_IMC,4000,mm per 30-minute accumulation,valid_source_pixel,True,False,False,historical_observed_satellite_estimate
2022-09-06T11:15:00Z,2022-09-06T11:15:00Z,12.928051644393918,77.66,12.928051644393918,77.66,12.913014709012685,77.65869119208747,0.32632437348365784,0.6526487469673157,mosdac_insat3dr,3RIMG_L2B_IMC,4000,mm per 30-minute accumulation,valid_source_pixel,True,False,False,historical_observed_satellite_estimate
2022-09-06T11:45:00Z,2022-09-06T11:45:00Z,12.938051644393918,77.66,12.938051644393918,77.66,12.949191868562986,77.65869119208747,0.3265867233276367,0.6531734466552734,mosdac_insat3dr,3RIMG_L2B_IMC,4000,mm per 30-minute accumulation,valid_source_pixel,True,False,False,historical_observed_satellite_estimate
2022-09-06T11:45:00Z,2022-09-06T11:45:00Z,12.928051644393918,77.66,12.928051644393918,77.66,12.913014709012685,77.65869119208747,0.24759040772914886,0.49518081545829773,mosdac_insat3dr,3RIMG_L2B_IMC,4000,mm per 30-minute accumulation,valid_source_pixel,True,False,False,historical_observed_satellite_estimate
2022-09-06T12:15:00Z,2022-09-06T12:15:00Z,12.938051644393918,77.66,12.938051644393918,77.66,12.949191868562986,77.65869119208747,1.1974869966506958,2.3949739933013916,mosdac_insat3dr,3RIMG_L2B_IMC,4000,mm per 30-minute accumulation,valid_source_pixel,True,False,False,historical_observed_satellite_estimate
2022-09-06T12:15:00Z,2022-09-06T12:15:00Z,12.928051644393918,77.66,12.928051644393918,77.66,12.913014709012685,77.65869119208747,0.9042215347290039,1.8084430694580078,mosdac_insat3dr,3RIMG_L2B_IMC,4000,mm per 30-minute accumulation,valid_source_pixel,True,False,False,historical_observed_satellite_estimate
2022-09-06T12:45:00Z,2022-09-06T12:45:00Z,12.938051644393918,77.66,12.938051644393918,77.66,12.949191868562986,77.65869119208747,0.08513178676366806,0.17026357352733612,mosdac_insat3dr,3RIMG_L2B_IMC,4000,mm per 30-minute accumulation,valid_source_pixel,True,False,False,historical_observed_satellite_estimate
2022-09-06T12:45:00Z,2022-09-06T12:45:00Z,12.928051644393918,77.66,12.928051644393918,77.66,12.913014709012685,77.65869119208747,0.06147320196032524,0.12294640392065048,mosdac_insat3dr,3RIMG_L2B_IMC,4000,mm per 30-minute accumulation,valid_source_pixel,True,False,False,historical_observed_satellite_estimate
2022-09-06T13:15:00Z,2022-09-06T13:15:00Z,12.938051644393918,77.66,12.938051644393918,77.66,12.949191868562986,77.65869119208747,0.5254273414611816,1.0508546829223633,mosdac_insat3dr,3RIMG_L2B_IMC,4000,mm per 30-minute accumulation,valid_source_pixel,True,False,False,historical_observed_satellite_estimate
2022-09-06T13:15:00Z,2022-09-06T13:15:00Z,12.928051644393918,77.66,12.928051644393918,77.66,12.913014709012685,77.65869119208747,0.5032980442047119,1.0065960884094238,mosdac_insat3dr,3RIMG_L2B_IMC,4000,mm per 30-minute accumulation,valid_source_pixel,True,False,False,historical_observed_satellite_estimate
2022-09-06T13:45:00Z,2022-09-06T13:45:00Z,12.938051644393918,77.66,12.938051644393918,77.66,12.949191868562986,77.65869119208747,0.628889262676239,1.257778525352478,mosdac_insat3dr,3RIMG_L2B_IMC,4000,mm per 30-minute accumulation,valid_source_pixel,True,False,False,historical_observed_satellite_estimate
2022-09-06T13:45:00Z,2022-09-06T13:45:00Z,12.928051644393918,77.66,12.928051644393918,77.66,12.913014709012685,77.65869119208747,1.0669299364089966,2.133859872817993,mosdac_insat3dr,3RIMG_L2B_IMC,4000,mm per 30-minute accumulation,valid_source_pixel,True,False,False,historical_observed_satellite_estimate
2022-09-06T14:15:00Z,2022-09-06T14:15:00Z,12.938051644393918,77.66,12.938051644393918,77.66,12.949191868562986,77.65869119208747,1.4971014261245728,2.9942028522491455,mosdac_insat3dr,3RIMG_L2B_IMC,4000,mm per 30-minute accumulation,valid_source_pixel,True,False,False,historical_observed_satellite_estimate
2022-09-06T14:15:00Z,2022-09-06T14:15:00Z,12.928051644393918,77.66,12.928051644393918,77.66,12.913014709012685,77.65869119208747,2.2048628330230713,4.409725666046143,mosdac_insat3dr,3RIMG_L2B_IMC,4000,mm per 30-minute accumulation,valid_source_pixel,True,False,False,historical_observed_satellite_estimate
2022-09-06T14:45:00Z,2022-09-06T14:45:00Z,12.938051644393918,77.66,12.938051644393918,77.66,12.949191868562986,77.65869119208747,2.714003086090088,5.428006172180176,mosdac_insat3dr,3RIMG_L2B_IMC,4000,mm per 30-minute accumulation,valid_source_pixel,True,False,False,historical_observed_satellite_estimate
2022-09-06T14:45:00Z,2022-09-06T14:45:00Z,12.928051644393918,77.66,12.928051644393918,77.66,12.913014709012685,77.65869119208747,3.1967809200286865,6.393561840057373,mosdac_insat3dr,3RIMG_L2B_IMC,4000,mm per 30-minute accumulation,valid_source_pixel,True,False,False,historical_observed_satellite_estimate
2022-09-06T15:15:00Z,2022-09-06T15:15:00Z,12.938051644393918,77.66,12.938051644393918,77.66,12.949191868562986,77.65869119208747,0.21323564648628235,0.4264712929725647,mosdac_insat3dr,3RIMG_L2B_IMC,4000,mm per 30-minute accumulation,valid_source_pixel,True,False,False,historical_observed_satellite_estimate
2022-09-06T15:15:00Z,2022-09-06T15:15:00Z,12.928051644393918,77.66,12.928051644393918,77.66,12.913014709012685,77.65869119208747,0.2080438882112503,0.4160877764225006,mosdac_insat3dr,3RIMG_L2B_IMC,4000,mm per 30-minute accumulation,valid_source_pixel,True,False,False,historical_observed_satellite_estimate
2022-09-06T15:45:00Z,2022-09-06T15:45:00Z,12.938051644393918,77.66,12.938051644393918,77.66,12.949191868562986,77.65869119208747,0.1612934172153473,0.3225868344306946,mosdac_insat3dr,3RIMG_L2B_IMC,4000,mm per 30-minute accumulation,valid_source_pixel,True,False,False,historical_observed_satellite_estimate
2022-09-06T15:45:00Z,2022-09-06T15:45:00Z,12.928051644393918,77.66,12.928051644393918,77.66,12.913014709012685,77.65869119208747,0.16489510238170624,0.3297902047634125,mosdac_insat3dr,3RIMG_L2B_IMC,4000,mm per 30-minute accumulation,valid_source_pixel,True,False,False,historical_observed_satellite_estimate
2022-09-06T16:15:00Z,2022-09-06T16:15:00Z,12.938051644393918,77.66,12.938051644393918,77.66,12.949191868562986,77.65869119208747,1.7201184034347534,3.440236806869507,mosdac_insat3dr,3RIMG_L2B_IMC,4000,mm per 30-minute accumulation,valid_source_pixel,True,False,False,historical_observed_satellite_estimate
2022-09-06T16:15:00Z,2022-09-06T16:15:00Z,12.928051644393918,77.66,12.928051644393918,77.66,12.913014709012685,77.65869119208747,1.7425228357315063,3.4850456714630127,mosdac_insat3dr,3RIMG_L2B_IMC,4000,mm per 30-minute accumulation,valid_source_pixel,True,False,False,historical_observed_satellite_estimate
2022-09-06T16:45:00Z,2022-09-06T16:45:00Z,12.938051644393918,77.66,12.938051644393918,77.66,12.949191868562986,77.65869119208747,0.10833734273910522,0.21667468547821045,mosdac_insat3dr,3RIMG_L2B_IMC,4000,mm per 30-minute accumulation,valid_source_pixel,True,False,False,historical_observed_satellite_estimate
2022-09-06T16:45:00Z,2022-09-06T16:45:00Z,12.928051644393918,77.66,12.928051644393918,77.66,12.913014709012685,77.65869119208747,2.4647884368896484,4.929576873779297,mosdac_insat3dr,3RIMG_L2B_IMC,4000,mm per 30-minute accumulation,valid_source_pixel,True,False,False,historical_observed_satellite_estimate
2022-09-06T22:15:00Z,2022-09-06T22:15:00Z,12.938051644393918,77.66,12.938051644393918,77.66,12.949191868562986,77.65869119208747,0.0,0.0,mosdac_insat3dr,3RIMG_L2B_IMC,4000,mm per 30-minute accumulation,valid_source_pixel,True,False,False,historical_observed_satellite_estimate
2022-09-06T22:15:00Z,2022-09-06T22:15:00Z,12.928051644393918,77.66,12.928051644393918,77.66,12.913014709012685,77.65869119208747,0.0,0.0,mosdac_insat3dr,3RIMG_L2B_IMC,4000,mm per 30-minute accumulation,valid_source_pixel,True,False,False,historical_observed_satellite_estimate
2022-09-06T22:45:00Z,2022-09-06T22:45:00Z,12.938051644393918,77.66,12.938051644393918,77.66,12.949191868562986,77.65869119208747,0.217027947306633,0.434055894613266,mosdac_insat3dr,3RIMG_L2B_IMC,4000,mm per 30-minute accumulation,valid_source_pixel,True,False,False,historical_observed_satellite_estimate
2022-09-06T22:45:00Z,2022-09-06T22:45:00Z,12.928051644393918,77.66,12.928051644393918,77.66,12.913014709012685,77.65869119208747,0.19429315626621246,0.3885863125324249,mosdac_insat3dr,3RIMG_L2B_IMC,4000,mm per 30-minute accumulation,valid_source_pixel,True,False,False,historical_observed_satellite_estimate
2022-09-06T23:15:00Z,2022-09-06T23:15:00Z,12.938051644393918,77.66,12.938051644393918,77.66,12.949191868562986,77.65869119208747,0.017633041366934776,0.03526608273386955,mosdac_insat3dr,3RIMG_L2B_IMC,4000,mm per 30-minute accumulation,valid_source_pixel,True,False,False,historical_observed_satellite_estimate
2022-09-06T23:15:00Z,2022-09-06T23:15:00Z,12.928051644393918,77.66,12.928051644393918,77.66,12.913014709012685,77.65869119208747,0.015514502301812172,0.031029004603624344,mosdac_insat3dr,3RIMG_L2B_IMC,4000,mm per 30-minute accumulation,valid_source_pixel,True,False,False,historical_observed_satellite_estimate
2022-09-06T23:45:00Z,2022-09-06T23:45:00Z,12.938051644393918,77.66,12.938051644393918,77.66,12.949191868562986,77.65869119208747,0.2504156827926636,0.5008313655853271,mosdac_insat3dr,3RIMG_L2B_IMC,4000,mm per 30-minute accumulation,valid_source_pixel,True,False,False,historical_observed_satellite_estimate
2022-09-06T23:45:00Z,2022-09-06T23:45:00Z,12.928051644393918,77.66,12.928051644393918,77.66,12.913014709012685,77.65869119208747,0.24292494356632233,0.48584988713264465,mosdac_insat3dr,3RIMG_L2B_IMC,4000,mm per 30-minute accumulation,valid_source_pixel,True,False,False,historical_observed_satellite_estimate
2022-09-07T00:15:00Z,2022-09-07T00:15:00Z,12.938051644393918,77.66,12.938051644393918,77.66,12.949191868562986,77.65869119208747,0.38554292917251587,0.7710858583450317,mosdac_insat3dr,3RIMG_L2B_IMC,4000,mm per 30-minute accumulation,valid_source_pixel,True,False,False,historical_observed_satellite_estimate
2022-09-07T00:15:00Z,2022-09-07T00:15:00Z,12.928051644393918,77.66,12.928051644393918,77.66,12.913014709012685,77.65869119208747,0.39307141304016113,0.7861428260803223,mosdac_insat3dr,3RIMG_L2B_IMC,4000,mm per 30-minute accumulation,valid_source_pixel,True,False,False,historical_observed_satellite_estimate
2022-09-07T00:45:00Z,2022-09-07T00:45:00Z,12.938051644393918,77.66,12.938051644393918,77.66,12.949191868562986,77.65869119208747,0.42609691619873047,0.8521938323974609,mosdac_insat3dr,3RIMG_L2B_IMC,4000,mm per 30-minute accumulation,valid_source_pixel,True,False,False,historical_observed_satellite_estimate
2022-09-07T00:45:00Z,2022-09-07T00:45:00Z,12.928051644393918,77.66,12.928051644393918,77.66,12.913014709012685,77.65869119208747,0.020492268726229668,0.040984537452459335,mosdac_insat3dr,3RIMG_L2B_IMC,4000,mm per 30-minute accumulation,valid_source_pixel,True,False,False,historical_observed_satellite_estimate
2022-09-07T01:15:00Z,2022-09-07T01:15:00Z,12.938051644393918,77.66,12.938051644393918,77.66,12.949191868562986,77.65869119208747,0.4381106495857239,0.8762212991714478,mosdac_insat3dr,3RIMG_L2B_IMC,4000,mm per 30-minute accumulation,valid_source_pixel,True,False,False,historical_observed_satellite_estimate
2022-09-07T01:15:00Z,2022-09-07T01:15:00Z,12.928051644393918,77.66,12.928051644393918,77.66,12.913014709012685,77.65869119208747,0.40329253673553467,0.8065850734710693,mosdac_insat3dr,3RIMG_L2B_IMC,4000,mm per 30-minute accumulation,valid_source_pixel,True,False,False,historical_observed_satellite_estimate
2022-09-07T01:45:00Z,2022-09-07T01:45:00Z,12.938051644393918,77.66,12.938051644393918,77.66,12.949191868562986,77.65869119208747,0.6266378164291382,1.2532756328582764,mosdac_insat3dr,3RIMG_L2B_IMC,4000,mm per 30-minute accumulation,valid_source_pixel,True,False,False,historical_observed_satellite_estimate
2022-09-07T01:45:00Z,2022-09-07T01:45:00Z,12.928051644393918,77.66,12.928051644393918,77.66,12.913014709012685,77.65869119208747,0.662998378276825,1.32599675655365,mosdac_insat3dr,3RIMG_L2B_IMC,4000,mm per 30-minute accumulation,valid_source_pixel,True,False,False,historical_observed_satellite_estimate
2022-09-07T02:15:00Z,2022-09-07T02:15:00Z,12.938051644393918,77.66,12.938051644393918,77.66,12.949191868562986,77.65869119208747,1.1709319353103638,2.3418638706207275,mosdac_insat3dr,3RIMG_L2B_IMC,4000,mm per 30-minute accumulation,valid_source_pixel,True,False,False,historical_observed_satellite_estimate
2022-09-07T02:15:00Z,2022-09-07T02:15:00Z,12.928051644393918,77.66,12.928051644393918,77.66,12.913014709012685,77.65869119208747,1.2525585889816284,2.505117177963257,mosdac_insat3dr,3RIMG_L2B_IMC,4000,mm per 30-minute accumulation,valid_source_pixel,True,False,False,historical_observed_satellite_estimate
2022-09-07T02:45:00Z,2022-09-07T02:45:00Z,12.938051644393918,77.66,12.938051644393918,77.66,12.949191868562986,77.65869119208747,1.473899483680725,2.94779896736145,mosdac_insat3dr,3RIMG_L2B_IMC,4000,mm per 30-minute accumulation,valid_source_pixel,True,False,False,historical_observed_satellite_estimate
2022-09-07T02:45:00Z,2022-09-07T02:45:00Z,12.928051644393918,77.66,12.928051644393918,77.66,12.913014709012685,77.65869119208747,1.539868950843811,3.079737901687622,mosdac_insat3dr,3RIMG_L2B_IMC,4000,mm per 30-minute accumulation,valid_source_pixel,True,False,False,historical_observed_satellite_estimate
2022-09-07T03:15:00Z,2022-09-07T03:15:00Z,12.938051644393918,77.66,12.938051644393918,77.66,12.949191868562986,77.65869119208747,0.07472991198301315,0.1494598239660263,mosdac_insat3dr,3RIMG_L2B_IMC,4000,mm per 30-minute accumulation,valid_source_pixel,True,False,False,historical_observed_satellite_estimate
2022-09-07T03:15:00Z,2022-09-07T03:15:00Z,12.928051644393918,77.66,12.928051644393918,77.66,12.913014709012685,77.65869119208747,0.07707027345895767,0.15414054691791534,mosdac_insat3dr,3RIMG_L2B_IMC,4000,mm per 30-minute accumulation,valid_source_pixel,True,False,False,historical_observed_satellite_estimate
2022-09-07T03:45:00Z,2022-09-07T03:45:00Z,12.938051644393918,77.66,12.938051644393918,77.66,12.949191868562986,77.65869119208747,0.0643354207277298,0.1286708414554596,mosdac_insat3dr,3RIMG_L2B_IMC,4000,mm per 30-minute accumulation,valid_source_pixel,True,False,False,historical_observed_satellite_estimate
2022-09-07T03:45:00Z,2022-09-07T03:45:00Z,12.928051644393918,77.66,12.928051644393918,77.66,12.913014709012685,77.65869119208747,0.06507719308137894,0.13015438616275787,mosdac_insat3dr,3RIMG_L2B_IMC,4000,mm per 30-minute accumulation,valid_source_pixel,True,False,False,historical_observed_satellite_estimate
2022-09-07T04:15:00Z,2022-09-07T04:15:00Z,12.938051644393918,77.66,12.938051644393918,77.66,12.949191868562986,77.65869119208747,0.05942012742161751,0.11884025484323502,mosdac_insat3dr,3RIMG_L2B_IMC,4000,mm per 30-minute accumulation,valid_source_pixel,True,False,False,historical_observed_satellite_estimate
2022-09-07T04:15:00Z,2022-09-07T04:15:00Z,12.928051644393918,77.66,12.928051644393918,77.66,12.913014709012685,77.65869119208747,0.06195804476737976,0.12391608953475952,mosdac_insat3dr,3RIMG_L2B_IMC,4000,mm per 30-minute accumulation,valid_source_pixel,True,False,False,historical_observed_satellite_estimate
2022-09-07T04:45:00Z,2022-09-07T04:45:00Z,12.938051644393918,77.66,12.938051644393918,77.66,12.949191868562986,77.65869119208747,0.05498972162604332,0.10997944325208664,mosdac_insat3dr,3RIMG_L2B_IMC,4000,mm per 30-minute accumulation,valid_source_pixel,True,False,False,historical_observed_satellite_estimate
2022-09-07T04:45:00Z,2022-09-07T04:45:00Z,12.928051644393918,77.66,12.928051644393918,77.66,12.913014709012685,77.65869119208747,0.051215898245573044,0.10243179649114609,mosdac_insat3dr,3RIMG_L2B_IMC,4000,mm per 30-minute accumulation,valid_source_pixel,True,False,False,historical_observed_satellite_estimate
2022-09-07T05:15:00Z,2022-09-07T05:15:00Z,12.938051644393918,77.66,12.938051644393918,77.66,12.949191868562986,77.65869119208747,0.029918422922492027,0.059836845844984055,mosdac_insat3dr,3RIMG_L2B_IMC,4000,mm per 30-minute accumulation,valid_source_pixel,True,False,False,historical_observed_satellite_estimate
2022-09-07T05:15:00Z,2022-09-07T05:15:00Z,12.928051644393918,77.66,12.928051644393918,77.66,12.913014709012685,77.65869119208747,0.02348262071609497,0.04696524143218994,mosdac_insat3dr,3RIMG_L2B_IMC,4000,mm per 30-minute accumulation,valid_source_pixel,True,False,False,historical_observed_satellite_estimate
2022-09-07T05:45:00Z,2022-09-07T05:45:00Z,12.938051644393918,77.66,12.938051644393918,77.66,12.949191868562986,77.65869119208747,0.029826346784830093,0.05965269356966019,mosdac_insat3dr,3RIMG_L2B_IMC,4000,mm per 30-minute accumulation,valid_source_pixel,True,False,False,historical_observed_satellite_estimate
2022-09-07T05:45:00Z,2022-09-07T05:45:00Z,12.928051644393918,77.66,12.928051644393918,77.66,12.913014709012685,77.65869119208747,0.02110760472714901,0.04221520945429802,mosdac_insat3dr,3RIMG_L2B_IMC,4000,mm per 30-minute accumulation,valid_source_pixel,True,False,False,historical_observed_satellite_estimate
2022-09-07T06:15:00Z,2022-09-07T06:15:00Z,12.938051644393918,77.66,12.938051644393918,77.66,12.949191868562986,77.65869119208747,0.29220545291900635,0.5844109058380127,mosdac_insat3dr,3RIMG_L2B_IMC,4000,mm per 30-minute accumulation,valid_source_pixel,True,False,False,historical_observed_satellite_estimate
2022-09-07T06:15:00Z,2022-09-07T06:15:00Z,12.928051644393918,77.66,12.928051644393918,77.66,12.913014709012685,77.65869119208747,0.2470947653055191,0.4941895306110382,mosdac_insat3dr,3RIMG_L2B_IMC,4000,mm per 30-minute accumulation,valid_source_pixel,True,False,False,historical_observed_satellite_estimate
2022-09-07T06:45:00Z,2022-09-07T06:45:00Z,12.938051644393918,77.66,12.938051644393918,77.66,12.949191868562986,77.65869119208747,0.021093565970659256,0.04218713194131851,mosdac_insat3dr,3RIMG_L2B_IMC,4000,mm per 30-minute accumulation,valid_source_pixel,True,False,False,historical_observed_satellite_estimate
2022-09-07T06:45:00Z,2022-09-07T06:45:00Z,12.928051644393918,77.66,12.928051644393918,77.66,12.913014709012685,77.65869119208747,0.021164843812584877,0.042329687625169754,mosdac_insat3dr,3RIMG_L2B_IMC,4000,mm per 30-minute accumulation,valid_source_pixel,True,False,False,historical_observed_satellite_estimate
2022-09-07T07:15:00Z,2022-09-07T07:15:00Z,12.938051644393918,77.66,12.938051644393918,77.66,12.949191868562986,77.65869119208747,0.302249014377594,0.604498028755188,mosdac_insat3dr,3RIMG_L2B_IMC,4000,mm per 30-minute accumulation,valid_source_pixel,True,False,False,historical_observed_satellite_estimate
2022-09-07T07:15:00Z,2022-09-07T07:15:00Z,12.928051644393918,77.66,12.928051644393918,77.66,12.913014709012685,77.65869119208747,0.33668577671051025,0.6733715534210205,mosdac_insat3dr,3RIMG_L2B_IMC,4000,mm per 30-minute accumulation,valid_source_pixel,True,False,False,historical_observed_satellite_estimate
2022-09-07T07:45:00Z,2022-09-07T07:45:00Z,12.938051644393918,77.66,12.938051644393918,77.66,12.949191868562986,77.65869119208747,0.30323487520217896,0.6064697504043579,mosdac_insat3dr,3RIMG_L2B_IMC,4000,mm per 30-minute accumulation,valid_source_pixel,True,False,False,historical_observed_satellite_estimate
2022-09-07T07:45:00Z,2022-09-07T07:45:00Z,12.928051644393918,77.66,12.928051644393918,77.66,12.913014709012685,77.65869119208747,0.3696528673171997,0.7393057346343994,mosdac_insat3dr,3RIMG_L2B_IMC,4000,mm per 30-minute accumulation,valid_source_pixel,True,False,False,historical_observed_satellite_estimate
2022-09-07T08:15:00Z,2022-09-07T08:15:00Z,12.938051644393918,77.66,12.938051644393918,77.66,12.949191868562986,77.65869119208747,0.03999682888388634,0.07999365776777267,mosdac_insat3dr,3RIMG_L2B_IMC,4000,mm per 30-minute accumulation,valid_source_pixel,True,False,False,historical_observed_satellite_estimate
2022-09-07T08:15:00Z,2022-09-07T08:15:00Z,12.928051644393918,77.66,12.928051644393918,77.66,12.913014709012685,77.65869119208747,0.0342523418366909,0.0685046836733818,mosdac_insat3dr,3RIMG_L2B_IMC,4000,mm per 30-minute accumulation,valid_source_pixel,True,False,False,historical_observed_satellite_estimate
2022-09-07T08:45:00Z,2022-09-07T08:45:00Z,12.938051644393918,77.66,12.938051644393918,77.66,12.949191868562986,77.65869119208747,0.7725256681442261,1.5450513362884521,mosdac_insat3dr,3RIMG_L2B_IMC,4000,mm per 30-minute accumulation,valid_source_pixel,True,False,False,historical_observed_satellite_estimate
2022-09-07T08:45:00Z,2022-09-07T08:45:00Z,12.928051644393918,77.66,12.928051644393918,77.66,12.913014709012685,77.65869119208747,0.666138231754303,1.332276463508606,mosdac_insat3dr,3RIMG_L2B_IMC,4000,mm per 30-minute accumulation,valid_source_pixel,True,False,False,historical_observed_satellite_estimate
2022-09-07T09:15:00Z,2022-09-07T09:15:00Z,12.938051644393918,77.66,12.938051644393918,77.66,12.949191868562986,77.65869119208747,0.6457023024559021,1.2914046049118042,mosdac_insat3dr,3RIMG_L2B_IMC,4000,mm per 30-minute accumulation,valid_source_pixel,True,False,False,historical_observed_satellite_estimate
2022-09-07T09:15:00Z,2022-09-07T09:15:00Z,12.928051644393918,77.66,12.928051644393918,77.66,12.913014709012685,77.65869119208747,0.3885227143764496,0.7770454287528992,mosdac_insat3dr,3RIMG_L2B_IMC,4000,mm per 30-minute accumulation,valid_source_pixel,True,False,False,historical_observed_satellite_estimate
2022-09-07T09:45:00Z,2022-09-07T09:45:00Z,12.938051644393918,77.66,12.938051644393918,77.66,12.949191868562986,77.65869119208747,8.005654335021973,16.011308670043945,mosdac_insat3dr,3RIMG_L2B_IMC,4000,mm per 30-minute accumulation,valid_source_pixel,True,False,False,historical_observed_satellite_estimate
2022-09-07T09:45:00Z,2022-09-07T09:45:00Z,12.928051644393918,77.66,12.928051644393918,77.66,12.913014709012685,77.65869119208747,6.515420913696289,13.030841827392578,mosdac_insat3dr,3RIMG_L2B_IMC,4000,mm per 30-minute accumulation,valid_source_pixel,True,False,False,historical_observed_satellite_estimate
2022-09-07T10:15:00Z,2022-09-07T10:15:00Z,12.938051644393918,77.66,12.938051644393918,77.66,12.949191868562986,77.65869119208747,1.173128366470337,2.346256732940674,mosdac_insat3dr,3RIMG_L2B_IMC,4000,mm per 30-minute accumulation,valid_source_pixel,True,False,False,historical_observed_satellite_estimate
2022-09-07T10:15:00Z,2022-09-07T10:15:00Z,12.928051644393918,77.66,12.928051644393918,77.66,12.913014709012685,77.65869119208747,1.1104426383972168,2.2208852767944336,mosdac_insat3dr,3RIMG_L2B_IMC,4000,mm per 30-minute accumulation,valid_source_pixel,True,False,False,historical_observed_satellite_estimate
2022-09-07T10:45:00Z,2022-09-07T10:45:00Z,12.938051644393918,77.66,12.938051644393918,77.66,12.949191868562986,77.65869119208747,0.815490186214447,1.630980372428894,mosdac_insat3dr,3RIMG_L2B_IMC,4000,mm per 30-minute accumulation,valid_source_pixel,True,False,False,historical_observed_satellite_estimate
2022-09-07T10:45:00Z,2022-09-07T10:45:00Z,12.928051644393918,77.66,12.928051644393918,77.66,12.913014709012685,77.65869119208747,0.7783023715019226,1.5566047430038452,mosdac_insat3dr,3RIMG_L2B_IMC,4000,mm per 30-minute accumulation,valid_source_pixel,True,False,False,historical_observed_satellite_estimate
2022-09-07T11:15:00Z,2022-09-07T11:15:00Z,12.938051644393918,77.66,12.938051644393918,77.66,12.949191868562986,77.65869119208747,0.382475346326828,0.764950692653656,mosdac_insat3dr,3RIMG_L2B_IMC,4000,mm per 30-minute accumulation,valid_source_pixel,True,False,False,historical_observed_satellite_estimate
2022-09-07T11:15:00Z,2022-09-07T11:15:00Z,12.928051644393918,77.66,12.928051644393918,77.66,12.913014709012685,77.65869119208747,0.48777109384536743,0.9755421876907349,mosdac_insat3dr,3RIMG_L2B_IMC,4000,mm per 30-minute accumulation,valid_source_pixel,True,False,False,historical_observed_satellite_estimate
2022-09-07T11:45:00Z,2022-09-07T11:45:00Z,12.938051644393918,77.66,12.938051644393918,77.66,12.949191868562986,77.65869119208747,0.12140215933322906,0.24280431866645813,mosdac_insat3dr,3RIMG_L2B_IMC,4000,mm per 30-minute accumulation,valid_source_pixel,True,False,False,historical_observed_satellite_estimate
2022-09-07T11:45:00Z,2022-09-07T11:45:00Z,12.928051644393918,77.66,12.928051644393918,77.66,12.913014709012685,77.65869119208747,0.13844437897205353,0.27688875794410706,mosdac_insat3dr,3RIMG_L2B_IMC,4000,mm per 30-minute accumulation,valid_source_pixel,True,False,False,historical_observed_satellite_estimate
2022-09-07T12:15:00Z,2022-09-07T12:15:00Z,12.938051644393918,77.66,12.938051644393918,77.66,12.949191868562986,77.65869119208747,0.0769052505493164,0.1538105010986328,mosdac_insat3dr,3RIMG_L2B_IMC,4000,mm per 30-minute accumulation,valid_source_pixel,True,False,False,historical_observed_satellite_estimate
2022-09-07T12:15:00Z,2022-09-07T12:15:00Z,12.928051644393918,77.66,12.928051644393918,77.66,12.913014709012685,77.65869119208747,0.08038836717605591,0.16077673435211182,mosdac_insat3dr,3RIMG_L2B_IMC,4000,mm per 30-minute accumulation,valid_source_pixel,True,False,False,historical_observed_satellite_estimate
2022-09-07T12:45:00Z,2022-09-07T12:45:00Z,12.938051644393918,77.66,12.938051644393918,77.66,12.949191868562986,77.65869119208747,0.03630825877189636,0.07261651754379272,mosdac_insat3dr,3RIMG_L2B_IMC,4000,mm per 30-minute accumulation,valid_source_pixel,True,False,False,historical_observed_satellite_estimate
2022-09-07T12:45:00Z,2022-09-07T12:45:00Z,12.928051644393918,77.66,12.928051644393918,77.66,12.913014709012685,77.65869119208747,0.0401928536593914,0.0803857073187828,mosdac_insat3dr,3RIMG_L2B_IMC,4000,mm per 30-minute accumulation,valid_source_pixel,True,False,False,historical_observed_satellite_estimate
2022-09-07T13:15:00Z,2022-09-07T13:15:00Z,12.938051644393918,77.66,12.938051644393918,77.66,12.949191868562986,77.65869119208747,0.6142069697380066,1.2284139394760132,mosdac_insat3dr,3RIMG_L2B_IMC,4000,mm per 30-minute accumulation,valid_source_pixel,True,False,False,historical_observed_satellite_estimate
2022-09-07T13:15:00Z,2022-09-07T13:15:00Z,12.928051644393918,77.66,12.928051644393918,77.66,12.913014709012685,77.65869119208747,0.532527506351471,1.065055012702942,mosdac_insat3dr,3RIMG_L2B_IMC,4000,mm per 30-minute accumulation,valid_source_pixel,True,False,False,historical_observed_satellite_estimate
2022-09-07T13:45:00Z,2022-09-07T13:45:00Z,12.938051644393918,77.66,12.938051644393918,77.66,12.949191868562986,77.65869119208747,0.9754725694656372,1.9509451389312744,mosdac_insat3dr,3RIMG_L2B_IMC,4000,mm per 30-minute accumulation,valid_source_pixel,True,False,False,historical_observed_satellite_estimate
2022-09-07T13:45:00Z,2022-09-07T13:45:00Z,12.928051644393918,77.66,12.928051644393918,77.66,12.913014709012685,77.65869119208747,0.7678056955337524,1.5356113910675049,mosdac_insat3dr,3RIMG_L2B_IMC,4000,mm per 30-minute accumulation,valid_source_pixel,True,False,False,historical_observed_satellite_estimate
2022-09-07T14:15:00Z,2022-09-07T14:15:00Z,12.938051644393918,77.66,12.938051644393918,77.66,12.949191868562986,77.65869119208747,0.11696036159992218,0.23392072319984436,mosdac_insat3dr,3RIMG_L2B_IMC,4000,mm per 30-minute accumulation,valid_source_pixel,True,False,False,historical_observed_satellite_estimate
2022-09-07T14:15:00Z,2022-09-07T14:15:00Z,12.928051644393918,77.66,12.928051644393918,77.66,12.913014709012685,77.65869119208747,0.13028812408447266,0.2605762481689453,mosdac_insat3dr,3RIMG_L2B_IMC,4000,mm per 30-minute accumulation,valid_source_pixel,True,False,False,historical_observed_satellite_estimate
2022-09-07T14:45:00Z,2022-09-07T14:45:00Z,12.938051644393918,77.66,12.938051644393918,77.66,12.949191868562986,77.65869119208747,0.07516541332006454,0.1503308266401291,mosdac_insat3dr,3RIMG_L2B_IMC,4000,mm per 30-minute accumulation,valid_source_pixel,True,False,False,historical_observed_satellite_estimate
2022-09-07T14:45:00Z,2022-09-07T14:45:00Z,12.928051644393918,77.66,12.928051644393918,77.66,12.913014709012685,77.65869119208747,0.09766396135091782,0.19532792270183563,mosdac_insat3dr,3RIMG_L2B_IMC,4000,mm per 30-minute accumulation,valid_source_pixel,True,False,False,historical_observed_satellite_estimate
2022-09-07T15:15:00Z,2022-09-07T15:15:00Z,12.938051644393918,77.66,12.938051644393918,77.66,12.949191868562986,77.65869119208747,0.020589588209986687,0.04117917641997337,mosdac_insat3dr,3RIMG_L2B_IMC,4000,mm per 30-minute accumulation,valid_source_pixel,True,False,False,historical_observed_satellite_estimate
2022-09-07T15:15:00Z,2022-09-07T15:15:00Z,12.928051644393918,77.66,12.928051644393918,77.66,12.913014709012685,77.65869119208747,0.028110845014452934,0.05622169002890587,mosdac_insat3dr,3RIMG_L2B_IMC,4000,mm per 30-minute accumulation,valid_source_pixel,True,False,False,historical_observed_satellite_estimate
2022-09-07T15:45:00Z,2022-09-07T15:45:00Z,12.938051644393918,77.66,12.938051644393918,77.66,12.949191868562986,77.65869119208747,0.35543256998062134,0.7108651399612427,mosdac_insat3dr,3RIMG_L2B_IMC,4000,mm per 30-minute accumulation,valid_source_pixel,True,False,False,historical_observed_satellite_estimate
2022-09-07T15:45:00Z,2022-09-07T15:45:00Z,12.928051644393918,77.66,12.928051644393918,77.66,12.913014709012685,77.65869119208747,0.392686665058136,0.785373330116272,mosdac_insat3dr,3RIMG_L2B_IMC,4000,mm per 30-minute accumulation,valid_source_pixel,True,False,False,historical_observed_satellite_estimate
2022-09-07T16:15:00Z,2022-09-07T16:15:00Z,12.938051644393918,77.66,12.938051644393918,77.66,12.949191868562986,77.65869119208747,0.37490493059158325,0.7498098611831665,mosdac_insat3dr,3RIMG_L2B_IMC,4000,mm per 30-minute accumulation,valid_source_pixel,True,False,False,historical_observed_satellite_estimate
2022-09-07T16:15:00Z,2022-09-07T16:15:00Z,12.928051644393918,77.66,12.928051644393918,77.66,12.913014709012685,77.65869119208747,0.46309006214141846,0.9261801242828369,mosdac_insat3dr,3RIMG_L2B_IMC,4000,mm per 30-minute accumulation,valid_source_pixel,True,False,False,historical_observed_satellite_estimate
2022-09-07T16:45:00Z,2022-09-07T16:45:00Z,12.938051644393918,77.66,12.938051644393918,77.66,12.949191868562986,77.65869119208747,0.024411899968981743,0.048823799937963486,mosdac_insat3dr,3RIMG_L2B_IMC,4000,mm per 30-minute accumulation,valid_source_pixel,True,False,False,historical_observed_satellite_estimate
2022-09-07T16:45:00Z,2022-09-07T16:45:00Z,12.928051644393918,77.66,12.928051644393918,77.66,12.913014709012685,77.65869119208747,0.025099990889430046,0.05019998177886009,mosdac_insat3dr,3RIMG_L2B_IMC,4000,mm per 30-minute accumulation,valid_source_pixel,True,False,False,historical_observed_satellite_estimate
2022-09-07T21:45:00Z,2022-09-07T21:45:00Z,12.938051644393918,77.66,12.938051644393918,77.66,12.949191868562986,77.65869119208747,0.0,0.0,mosdac_insat3dr,3RIMG_L2B_IMC,4000,mm per 30-minute accumulation,valid_source_pixel,True,False,False,historical_observed_satellite_estimate
2022-09-07T21:45:00Z,2022-09-07T21:45:00Z,12.928051644393918,77.66,12.928051644393918,77.66,12.913014709012685,77.65869119208747,0.0,0.0,mosdac_insat3dr,3RIMG_L2B_IMC,4000,mm per 30-minute accumulation,valid_source_pixel,True,False,False,historical_observed_satellite_estimate
2022-09-07T22:15:00Z,2022-09-07T22:15:00Z,12.938051644393918,77.66,12.938051644393918,77.66,12.949191868562986,77.65869119208747,0.0,0.0,mosdac_insat3dr,3RIMG_L2B_IMC,4000,mm per 30-minute accumulation,valid_source_pixel,True,False,False,historical_observed_satellite_estimate
2022-09-07T22:15:00Z,2022-09-07T22:15:00Z,12.928051644393918,77.66,12.928051644393918,77.66,12.913014709012685,77.65869119208747,0.0,0.0,mosdac_insat3dr,3RIMG_L2B_IMC,4000,mm per 30-minute accumulation,valid_source_pixel,True,False,False,historical_observed_satellite_estimate
2022-09-07T22:45:00Z,2022-09-07T22:45:00Z,12.938051644393918,77.66,12.938051644393918,77.66,12.949191868562986,77.65869119208747,0.0,0.0,mosdac_insat3dr,3RIMG_L2B_IMC,4000,mm per 30-minute accumulation,valid_source_pixel,True,False,False,historical_observed_satellite_estimate
2022-09-07T22:45:00Z,2022-09-07T22:45:00Z,12.928051644393918,77.66,12.928051644393918,77.66,12.913014709012685,77.65869119208747,0.0,0.0,mosdac_insat3dr,3RIMG_L2B_IMC,4000,mm per 30-minute accumulation,valid_source_pixel,True,False,False,historical_observed_satellite_estimate
2022-09-07T23:15:00Z,2022-09-07T23:15:00Z,12.938051644393918,77.66,12.938051644393918,77.66,12.949191868562986,77.65869119208747,0.0,0.0,mosdac_insat3dr,3RIMG_L2B_IMC,4000,mm per 30-minute accumulation,valid_source_pixel,True,False,False,historical_observed_satellite_estimate
2022-09-07T23:15:00Z,2022-09-07T23:15:00Z,12.928051644393918,77.66,12.928051644393918,77.66,12.913014709012685,77.65869119208747,0.0,0.0,mosdac_insat3dr,3RIMG_L2B_IMC,4000,mm per 30-minute accumulation,valid_source_pixel,True,False,False,historical_observed_satellite_estimate
2022-09-07T23:45:00Z,2022-09-07T23:45:00Z,12.938051644393918,77.66,12.938051644393918,77.66,12.949191868562986,77.65869119208747,0.0,0.0,mosdac_insat3dr,3RIMG_L2B_IMC,4000,mm per 30-minute accumulation,valid_source_pixel,True,False,False,historical_observed_satellite_estimate
2022-09-07T23:45:00Z,2022-09-07T23:45:00Z,12.928051644393918,77.66,12.928051644393918,77.66,12.913014709012685,77.65869119208747,0.0,0.0,mosdac_insat3dr,3RIMG_L2B_IMC,4000,mm per 30-minute accumulation,valid_source_pixel,True,False,False,historical_observed_satellite_estimate
2022-08-30T00:15:00Z,2022-08-30T00:15:00Z,12.938051644393918,77.66,12.938051644393918,77.66,12.949191868562986,77.65869119208747,0.0,0.0,mosdac_insat3dr,3RIMG_L2B_IMC,4000,mm per 30-minute accumulation,valid_source_pixel,True,False,False,historical_observed_satellite_estimate
2022-08-30T00:15:00Z,2022-08-30T00:15:00Z,12.928051644393918,77.66,12.928051644393918,77.66,12.913014709012685,77.65869119208747,0.0,0.0,mosdac_insat3dr,3RIMG_L2B_IMC,4000,mm per 30-minute accumulation,valid_source_pixel,True,False,False,historical_observed_satellite_estimate
2022-08-30T00:45:00Z,2022-08-30T00:45:00Z,12.938051644393918,77.66,12.938051644393918,77.66,12.949191868562986,77.65869119208747,0.0,0.0,mosdac_insat3dr,3RIMG_L2B_IMC,4000,mm per 30-minute accumulation,valid_source_pixel,True,False,False,historical_observed_satellite_estimate
2022-08-30T00:45:00Z,2022-08-30T00:45:00Z,12.928051644393918,77.66,12.928051644393918,77.66,12.913014709012685,77.65869119208747,0.0,0.0,mosdac_insat3dr,3RIMG_L2B_IMC,4000,mm per 30-minute accumulation,valid_source_pixel,True,False,False,historical_observed_satellite_estimate
2022-08-30T01:15:00Z,2022-08-30T01:15:00Z,12.938051644393918,77.66,12.938051644393918,77.66,12.949191868562986,77.65869119208747,0.0,0.0,mosdac_insat3dr,3RIMG_L2B_IMC,4000,mm per 30-minute accumulation,valid_source_pixel,True,False,False,historical_observed_satellite_estimate
2022-08-30T01:15:00Z,2022-08-30T01:15:00Z,12.928051644393918,77.66,12.928051644393918,77.66,12.913014709012685,77.65869119208747,0.0,0.0,mosdac_insat3dr,3RIMG_L2B_IMC,4000,mm per 30-minute accumulation,valid_source_pixel,True,False,False,historical_observed_satellite_estimate
2022-08-30T01:45:00Z,2022-08-30T01:45:00Z,12.938051644393918,77.66,12.938051644393918,77.66,12.949191868562986,77.65869119208747,0.0,0.0,mosdac_insat3dr,3RIMG_L2B_IMC,4000,mm per 30-minute accumulation,valid_source_pixel,True,False,False,historical_observed_satellite_estimate
2022-08-30T01:45:00Z,2022-08-30T01:45:00Z,12.928051644393918,77.66,12.928051644393918,77.66,12.913014709012685,77.65869119208747,0.0,0.0,mosdac_insat3dr,3RIMG_L2B_IMC,4000,mm per 30-minute accumulation,valid_source_pixel,True,False,False,historical_observed_satellite_estimate
2022-08-30T02:15:00Z,2022-08-30T02:15:00Z,12.938051644393918,77.66,12.938051644393918,77.66,12.949191868562986,77.65869119208747,0.0,0.0,mosdac_insat3dr,3RIMG_L2B_IMC,4000,mm per 30-minute accumulation,valid_source_pixel,True,False,False,historical_observed_satellite_estimate
2022-08-30T02:15:00Z,2022-08-30T02:15:00Z,12.928051644393918,77.66,12.928051644393918,77.66,12.913014709012685,77.65869119208747,0.0,0.0,mosdac_insat3dr,3RIMG_L2B_IMC,4000,mm per 30-minute accumulation,valid_source_pixel,True,False,False,historical_observed_satellite_estimate
2022-08-30T02:45:00Z,2022-08-30T02:45:00Z,12.938051644393918,77.66,12.938051644393918,77.66,12.949191868562986,77.65869119208747,0.0,0.0,mosdac_insat3dr,3RIMG_L2B_IMC,4000,mm per 30-minute accumulation,valid_source_pixel,True,False,False,historical_observed_satellite_estimate
2022-08-30T02:45:00Z,2022-08-30T02:45:00Z,12.928051644393918,77.66,12.928051644393918,77.66,12.913014709012685,77.65869119208747,0.0,0.0,mosdac_insat3dr,3RIMG_L2B_IMC,4000,mm per 30-minute accumulation,valid_source_pixel,True,False,False,historical_observed_satellite_estimate
2022-08-30T03:15:00Z,2022-08-30T03:15:00Z,12.938051644393918,77.66,12.938051644393918,77.66,12.949191868562986,77.65869119208747,0.0,0.0,mosdac_insat3dr,3RIMG_L2B_IMC,4000,mm per 30-minute accumulation,valid_source_pixel,True,False,False,historical_observed_satellite_estimate
2022-08-30T03:15:00Z,2022-08-30T03:15:00Z,12.928051644393918,77.66,12.928051644393918,77.66,12.913014709012685,77.65869119208747,0.0,0.0,mosdac_insat3dr,3RIMG_L2B_IMC,4000,mm per 30-minute accumulation,valid_source_pixel,True,False,False,historical_observed_satellite_estimate
2022-08-30T03:45:00Z,2022-08-30T03:45:00Z,12.938051644393918,77.66,12.938051644393918,77.66,12.949191868562986,77.65869119208747,0.0,0.0,mosdac_insat3dr,3RIMG_L2B_IMC,4000,mm per 30-minute accumulation,valid_source_pixel,True,False,False,historical_observed_satellite_estimate
2022-08-30T03:45:00Z,2022-08-30T03:45:00Z,12.928051644393918,77.66,12.928051644393918,77.66,12.913014709012685,77.65869119208747,0.0,0.0,mosdac_insat3dr,3RIMG_L2B_IMC,4000,mm per 30-minute accumulation,valid_source_pixel,True,False,False,historical_observed_satellite_estimate
2022-08-30T04:15:00Z,2022-08-30T04:15:00Z,12.938051644393918,77.66,12.938051644393918,77.66,12.949191868562986,77.65869119208747,0.0,0.0,mosdac_insat3dr,3RIMG_L2B_IMC,4000,mm per 30-minute accumulation,valid_source_pixel,True,False,False,historical_observed_satellite_estimate
2022-08-30T04:15:00Z,2022-08-30T04:15:00Z,12.928051644393918,77.66,12.928051644393918,77.66,12.913014709012685,77.65869119208747,0.0,0.0,mosdac_insat3dr,3RIMG_L2B_IMC,4000,mm per 30-minute accumulation,valid_source_pixel,True,False,False,historical_observed_satellite_estimate
2022-08-30T04:45:00Z,2022-08-30T04:45:00Z,12.938051644393918,77.66,12.938051644393918,77.66,12.949191868562986,77.65869119208747,0.0,0.0,mosdac_insat3dr,3RIMG_L2B_IMC,4000,mm per 30-minute accumulation,valid_source_pixel,True,False,False,historical_observed_satellite_estimate
2022-08-30T04:45:00Z,2022-08-30T04:45:00Z,12.928051644393918,77.66,12.928051644393918,77.66,12.913014709012685,77.65869119208747,0.0,0.0,mosdac_insat3dr,3RIMG_L2B_IMC,4000,mm per 30-minute accumulation,valid_source_pixel,True,False,False,historical_observed_satellite_estimate
2022-08-30T05:15:00Z,2022-08-30T05:15:00Z,12.938051644393918,77.66,12.938051644393918,77.66,12.949191868562986,77.65869119208747,0.0,0.0,mosdac_insat3dr,3RIMG_L2B_IMC,4000,mm per 30-minute accumulation,valid_source_pixel,True,False,False,historical_observed_satellite_estimate
2022-08-30T05:15:00Z,2022-08-30T05:15:00Z,12.928051644393918,77.66,12.928051644393918,77.66,12.913014709012685,77.65869119208747,0.0,0.0,mosdac_insat3dr,3RIMG_L2B_IMC,4000,mm per 30-minute accumulation,valid_source_pixel,True,False,False,historical_observed_satellite_estimate
2022-08-30T05:45:00Z,2022-08-30T05:45:00Z,12.938051644393918,77.66,12.938051644393918,77.66,12.949191868562986,77.65869119208747,0.0,0.0,mosdac_insat3dr,3RIMG_L2B_IMC,4000,mm per 30-minute accumulation,valid_source_pixel,True,False,False,historical_observed_satellite_estimate
2022-08-30T05:45:00Z,2022-08-30T05:45:00Z,12.928051644393918,77.66,12.928051644393918,77.66,12.913014709012685,77.65869119208747,0.0,0.0,mosdac_insat3dr,3RIMG_L2B_IMC,4000,mm per 30-minute accumulation,valid_source_pixel,True,False,False,historical_observed_satellite_estimate
2022-08-30T06:15:00Z,2022-08-30T06:15:00Z,12.938051644393918,77.66,12.938051644393918,77.66,12.949191868562986,77.65869119208747,0.0,0.0,mosdac_insat3dr,3RIMG_L2B_IMC,4000,mm per 30-minute accumulation,valid_source_pixel,True,False,False,historical_observed_satellite_estimate
2022-08-30T06:15:00Z,2022-08-30T06:15:00Z,12.928051644393918,77.66,12.928051644393918,77.66,12.913014709012685,77.65869119208747,0.0,0.0,mosdac_insat3dr,3RIMG_L2B_IMC,4000,mm per 30-minute accumulation,valid_source_pixel,True,False,False,historical_observed_satellite_estimate
2022-08-30T06:45:00Z,2022-08-30T06:45:00Z,12.938051644393918,77.66,12.938051644393918,77.66,12.949191868562986,77.65869119208747,0.0,0.0,mosdac_insat3dr,3RIMG_L2B_IMC,4000,mm per 30-minute accumulation,valid_source_pixel,True,False,False,historical_observed_satellite_estimate
2022-08-30T06:45:00Z,2022-08-30T06:45:00Z,12.928051644393918,77.66,12.928051644393918,77.66,12.913014709012685,77.65869119208747,0.0,0.0,mosdac_insat3dr,3RIMG_L2B_IMC,4000,mm per 30-minute accumulation,valid_source_pixel,True,False,False,historical_observed_satellite_estimate
2022-08-30T07:45:00Z,2022-08-30T07:45:00Z,12.938051644393918,77.66,12.938051644393918,77.66,12.949191868562986,77.65869119208747,0.0,0.0,mosdac_insat3dr,3RIMG_L2B_IMC,4000,mm per 30-minute accumulation,valid_source_pixel,True,False,False,historical_observed_satellite_estimate
2022-08-30T07:45:00Z,2022-08-30T07:45:00Z,12.928051644393918,77.66,12.928051644393918,77.66,12.913014709012685,77.65869119208747,0.0,0.0,mosdac_insat3dr,3RIMG_L2B_IMC,4000,mm per 30-minute accumulation,valid_source_pixel,True,False,False,historical_observed_satellite_estimate
2022-08-30T08:15:00Z,2022-08-30T08:15:00Z,12.938051644393918,77.66,12.938051644393918,77.66,12.949191868562986,77.65869119208747,0.0,0.0,mosdac_insat3dr,3RIMG_L2B_IMC,4000,mm per 30-minute accumulation,valid_source_pixel,True,False,False,historical_observed_satellite_estimate
2022-08-30T08:15:00Z,2022-08-30T08:15:00Z,12.928051644393918,77.66,12.928051644393918,77.66,12.913014709012685,77.65869119208747,0.0,0.0,mosdac_insat3dr,3RIMG_L2B_IMC,4000,mm per 30-minute accumulation,valid_source_pixel,True,False,False,historical_observed_satellite_estimate
2022-08-30T08:45:00Z,2022-08-30T08:45:00Z,12.938051644393918,77.66,12.938051644393918,77.66,12.949191868562986,77.65869119208747,0.0,0.0,mosdac_insat3dr,3RIMG_L2B_IMC,4000,mm per 30-minute accumulation,valid_source_pixel,True,False,False,historical_observed_satellite_estimate
2022-08-30T08:45:00Z,2022-08-30T08:45:00Z,12.928051644393918,77.66,12.928051644393918,77.66,12.913014709012685,77.65869119208747,0.0,0.0,mosdac_insat3dr,3RIMG_L2B_IMC,4000,mm per 30-minute accumulation,valid_source_pixel,True,False,False,historical_observed_satellite_estimate
2022-08-30T09:15:00Z,2022-08-30T09:15:00Z,12.938051644393918,77.66,12.938051644393918,77.66,12.949191868562986,77.65869119208747,0.0,0.0,mosdac_insat3dr,3RIMG_L2B_IMC,4000,mm per 30-minute accumulation,valid_source_pixel,True,False,False,historical_observed_satellite_estimate
2022-08-30T09:15:00Z,2022-08-30T09:15:00Z,12.928051644393918,77.66,12.928051644393918,77.66,12.913014709012685,77.65869119208747,0.0,0.0,mosdac_insat3dr,3RIMG_L2B_IMC,4000,mm per 30-minute accumulation,valid_source_pixel,True,False,False,historical_observed_satellite_estimate
2022-08-30T09:45:00Z,2022-08-30T09:45:00Z,12.938051644393918,77.66,12.938051644393918,77.66,12.949191868562986,77.65869119208747,0.0,0.0,mosdac_insat3dr,3RIMG_L2B_IMC,4000,mm per 30-minute accumulation,valid_source_pixel,True,False,False,historical_observed_satellite_estimate
2022-08-30T09:45:00Z,2022-08-30T09:45:00Z,12.928051644393918,77.66,12.928051644393918,77.66,12.913014709012685,77.65869119208747,0.0,0.0,mosdac_insat3dr,3RIMG_L2B_IMC,4000,mm per 30-minute accumulation,valid_source_pixel,True,False,False,historical_observed_satellite_estimate
2022-08-30T10:15:00Z,2022-08-30T10:15:00Z,12.938051644393918,77.66,12.938051644393918,77.66,12.949191868562986,77.65869119208747,0.0,0.0,mosdac_insat3dr,3RIMG_L2B_IMC,4000,mm per 30-minute accumulation,valid_source_pixel,True,False,False,historical_observed_satellite_estimate
2022-08-30T10:15:00Z,2022-08-30T10:15:00Z,12.928051644393918,77.66,12.928051644393918,77.66,12.913014709012685,77.65869119208747,0.0,0.0,mosdac_insat3dr,3RIMG_L2B_IMC,4000,mm per 30-minute accumulation,valid_source_pixel,True,False,False,historical_observed_satellite_estimate
2022-08-30T10:45:00Z,2022-08-30T10:45:00Z,12.938051644393918,77.66,12.938051644393918,77.66,12.949191868562986,77.65869119208747,0.0,0.0,mosdac_insat3dr,3RIMG_L2B_IMC,4000,mm per 30-minute accumulation,valid_source_pixel,True,False,False,historical_observed_satellite_estimate
2022-08-30T10:45:00Z,2022-08-30T10:45:00Z,12.928051644393918,77.66,12.928051644393918,77.66,12.913014709012685,77.65869119208747,0.0,0.0,mosdac_insat3dr,3RIMG_L2B_IMC,4000,mm per 30-minute accumulation,valid_source_pixel,True,False,False,historical_observed_satellite_estimate
2022-08-30T11:15:00Z,2022-08-30T11:15:00Z,12.938051644393918,77.66,12.938051644393918,77.66,12.949191868562986,77.65869119208747,0.0,0.0,mosdac_insat3dr,3RIMG_L2B_IMC,4000,mm per 30-minute accumulation,valid_source_pixel,True,False,False,historical_observed_satellite_estimate
2022-08-30T11:15:00Z,2022-08-30T11:15:00Z,12.928051644393918,77.66,12.928051644393918,77.66,12.913014709012685,77.65869119208747,0.0,0.0,mosdac_insat3dr,3RIMG_L2B_IMC,4000,mm per 30-minute accumulation,valid_source_pixel,True,False,False,historical_observed_satellite_estimate
2022-08-30T11:45:00Z,2022-08-30T11:45:00Z,12.938051644393918,77.66,12.938051644393918,77.66,12.949191868562986,77.65869119208747,0.0,0.0,mosdac_insat3dr,3RIMG_L2B_IMC,4000,mm per 30-minute accumulation,valid_source_pixel,True,False,False,historical_observed_satellite_estimate
2022-08-30T11:45:00Z,2022-08-30T11:45:00Z,12.928051644393918,77.66,12.928051644393918,77.66,12.913014709012685,77.65869119208747,0.0,0.0,mosdac_insat3dr,3RIMG_L2B_IMC,4000,mm per 30-minute accumulation,valid_source_pixel,True,False,False,historical_observed_satellite_estimate
2022-08-30T12:15:00Z,2022-08-30T12:15:00Z,12.938051644393918,77.66,12.938051644393918,77.66,12.949191868562986,77.65869119208747,0.0,0.0,mosdac_insat3dr,3RIMG_L2B_IMC,4000,mm per 30-minute accumulation,valid_source_pixel,True,False,False,historical_observed_satellite_estimate
2022-08-30T12:15:00Z,2022-08-30T12:15:00Z,12.928051644393918,77.66,12.928051644393918,77.66,12.913014709012685,77.65869119208747,0.0,0.0,mosdac_insat3dr,3RIMG_L2B_IMC,4000,mm per 30-minute accumulation,valid_source_pixel,True,False,False,historical_observed_satellite_estimate
2022-08-30T12:45:00Z,2022-08-30T12:45:00Z,12.938051644393918,77.66,12.938051644393918,77.66,12.949191868562986,77.65869119208747,0.0,0.0,mosdac_insat3dr,3RIMG_L2B_IMC,4000,mm per 30-minute accumulation,valid_source_pixel,True,False,False,historical_observed_satellite_estimate
2022-08-30T12:45:00Z,2022-08-30T12:45:00Z,12.928051644393918,77.66,12.928051644393918,77.66,12.913014709012685,77.65869119208747,0.0,0.0,mosdac_insat3dr,3RIMG_L2B_IMC,4000,mm per 30-minute accumulation,valid_source_pixel,True,False,False,historical_observed_satellite_estimate
2022-08-30T13:15:00Z,2022-08-30T13:15:00Z,12.938051644393918,77.66,12.938051644393918,77.66,12.949191868562986,77.65869119208747,0.0,0.0,mosdac_insat3dr,3RIMG_L2B_IMC,4000,mm per 30-minute accumulation,valid_source_pixel,True,False,False,historical_observed_satellite_estimate
2022-08-30T13:15:00Z,2022-08-30T13:15:00Z,12.928051644393918,77.66,12.928051644393918,77.66,12.913014709012685,77.65869119208747,0.0,0.0,mosdac_insat3dr,3RIMG_L2B_IMC,4000,mm per 30-minute accumulation,valid_source_pixel,True,False,False,historical_observed_satellite_estimate
2022-08-30T13:45:00Z,2022-08-30T13:45:00Z,12.938051644393918,77.66,12.938051644393918,77.66,12.949191868562986,77.65869119208747,0.0,0.0,mosdac_insat3dr,3RIMG_L2B_IMC,4000,mm per 30-minute accumulation,valid_source_pixel,True,False,False,historical_observed_satellite_estimate
2022-08-30T13:45:00Z,2022-08-30T13:45:00Z,12.928051644393918,77.66,12.928051644393918,77.66,12.913014709012685,77.65869119208747,0.0,0.0,mosdac_insat3dr,3RIMG_L2B_IMC,4000,mm per 30-minute accumulation,valid_source_pixel,True,False,False,historical_observed_satellite_estimate
2022-08-30T14:15:00Z,2022-08-30T14:15:00Z,12.938051644393918,77.66,12.938051644393918,77.66,12.949191868562986,77.65869119208747,0.0,0.0,mosdac_insat3dr,3RIMG_L2B_IMC,4000,mm per 30-minute accumulation,valid_source_pixel,True,False,False,historical_observed_satellite_estimate
2022-08-30T14:15:00Z,2022-08-30T14:15:00Z,12.928051644393918,77.66,12.928051644393918,77.66,12.913014709012685,77.65869119208747,0.0,0.0,mosdac_insat3dr,3RIMG_L2B_IMC,4000,mm per 30-minute accumulation,valid_source_pixel,True,False,False,historical_observed_satellite_estimate
2022-08-30T14:45:00Z,2022-08-30T14:45:00Z,12.938051644393918,77.66,12.938051644393918,77.66,12.949191868562986,77.65869119208747,0.0,0.0,mosdac_insat3dr,3RIMG_L2B_IMC,4000,mm per 30-minute accumulation,valid_source_pixel,True,False,False,historical_observed_satellite_estimate
2022-08-30T14:45:00Z,2022-08-30T14:45:00Z,12.928051644393918,77.66,12.928051644393918,77.66,12.913014709012685,77.65869119208747,0.0,0.0,mosdac_insat3dr,3RIMG_L2B_IMC,4000,mm per 30-minute accumulation,valid_source_pixel,True,False,False,historical_observed_satellite_estimate
2022-08-30T15:15:00Z,2022-08-30T15:15:00Z,12.938051644393918,77.66,12.938051644393918,77.66,12.949191868562986,77.65869119208747,0.0,0.0,mosdac_insat3dr,3RIMG_L2B_IMC,4000,mm per 30-minute accumulation,valid_source_pixel,True,False,False,historical_observed_satellite_estimate
2022-08-30T15:15:00Z,2022-08-30T15:15:00Z,12.928051644393918,77.66,12.928051644393918,77.66,12.913014709012685,77.65869119208747,0.0,0.0,mosdac_insat3dr,3RIMG_L2B_IMC,4000,mm per 30-minute accumulation,valid_source_pixel,True,False,False,historical_observed_satellite_estimate
2022-08-30T15:45:00Z,2022-08-30T15:45:00Z,12.938051644393918,77.66,12.938051644393918,77.66,12.949191868562986,77.65869119208747,0.0,0.0,mosdac_insat3dr,3RIMG_L2B_IMC,4000,mm per 30-minute accumulation,valid_source_pixel,True,False,False,historical_observed_satellite_estimate
2022-08-30T15:45:00Z,2022-08-30T15:45:00Z,12.928051644393918,77.66,12.928051644393918,77.66,12.913014709012685,77.65869119208747,0.0,0.0,mosdac_insat3dr,3RIMG_L2B_IMC,4000,mm per 30-minute accumulation,valid_source_pixel,True,False,False,historical_observed_satellite_estimate
2022-08-30T16:15:00Z,2022-08-30T16:15:00Z,12.938051644393918,77.66,12.938051644393918,77.66,12.949191868562986,77.65869119208747,0.0,0.0,mosdac_insat3dr,3RIMG_L2B_IMC,4000,mm per 30-minute accumulation,valid_source_pixel,True,False,False,historical_observed_satellite_estimate
2022-08-30T16:15:00Z,2022-08-30T16:15:00Z,12.928051644393918,77.66,12.928051644393918,77.66,12.913014709012685,77.65869119208747,0.0,0.0,mosdac_insat3dr,3RIMG_L2B_IMC,4000,mm per 30-minute accumulation,valid_source_pixel,True,False,False,historical_observed_satellite_estimate
2022-08-30T16:45:00Z,2022-08-30T16:45:00Z,12.938051644393918,77.66,12.938051644393918,77.66,12.949191868562986,77.65869119208747,0.0,0.0,mosdac_insat3dr,3RIMG_L2B_IMC,4000,mm per 30-minute accumulation,valid_source_pixel,True,False,False,historical_observed_satellite_estimate
2022-08-30T16:45:00Z,2022-08-30T16:45:00Z,12.928051644393918,77.66,12.928051644393918,77.66,12.913014709012685,77.65869119208747,0.0,0.0,mosdac_insat3dr,3RIMG_L2B_IMC,4000,mm per 30-minute accumulation,valid_source_pixel,True,False,False,historical_observed_satellite_estimate
2022-08-30T22:15:00Z,2022-08-30T22:15:00Z,12.938051644393918,77.66,12.938051644393918,77.66,12.949191868562986,77.65869119208747,0.0,0.0,mosdac_insat3dr,3RIMG_L2B_IMC,4000,mm per 30-minute accumulation,valid_source_pixel,True,False,False,historical_observed_satellite_estimate
2022-08-30T22:15:00Z,2022-08-30T22:15:00Z,12.928051644393918,77.66,12.928051644393918,77.66,12.913014709012685,77.65869119208747,0.0,0.0,mosdac_insat3dr,3RIMG_L2B_IMC,4000,mm per 30-minute accumulation,valid_source_pixel,True,False,False,historical_observed_satellite_estimate
2022-08-30T22:45:00Z,2022-08-30T22:45:00Z,12.938051644393918,77.66,12.938051644393918,77.66,12.949191868562986,77.65869119208747,0.0,0.0,mosdac_insat3dr,3RIMG_L2B_IMC,4000,mm per 30-minute accumulation,valid_source_pixel,True,False,False,historical_observed_satellite_estimate
2022-08-30T22:45:00Z,2022-08-30T22:45:00Z,12.928051644393918,77.66,12.928051644393918,77.66,12.913014709012685,77.65869119208747,0.0,0.0,mosdac_insat3dr,3RIMG_L2B_IMC,4000,mm per 30-minute accumulation,valid_source_pixel,True,False,False,historical_observed_satellite_estimate
2022-08-30T23:15:00Z,2022-08-30T23:15:00Z,12.938051644393918,77.66,12.938051644393918,77.66,12.949191868562986,77.65869119208747,0.0,0.0,mosdac_insat3dr,3RIMG_L2B_IMC,4000,mm per 30-minute accumulation,valid_source_pixel,True,False,False,historical_observed_satellite_estimate
2022-08-30T23:15:00Z,2022-08-30T23:15:00Z,12.928051644393918,77.66,12.928051644393918,77.66,12.913014709012685,77.65869119208747,0.0,0.0,mosdac_insat3dr,3RIMG_L2B_IMC,4000,mm per 30-minute accumulation,valid_source_pixel,True,False,False,historical_observed_satellite_estimate
2022-08-30T23:45:00Z,2022-08-30T23:45:00Z,12.938051644393918,77.66,12.938051644393918,77.66,12.949191868562986,77.65869119208747,0.0,0.0,mosdac_insat3dr,3RIMG_L2B_IMC,4000,mm per 30-minute accumulation,valid_source_pixel,True,False,False,historical_observed_satellite_estimate
2022-08-30T23:45:00Z,2022-08-30T23:45:00Z,12.928051644393918,77.66,12.928051644393918,77.66,12.913014709012685,77.65869119208747,0.0,0.0,mosdac_insat3dr,3RIMG_L2B_IMC,4000,mm per 30-minute accumulation,valid_source_pixel,True,False,False,historical_observed_satellite_estimate
2022-08-31T00:15:00Z,2022-08-31T00:15:00Z,12.938051644393918,77.66,12.938051644393918,77.66,12.949191868562986,77.65869119208747,0.0,0.0,mosdac_insat3dr,3RIMG_L2B_IMC,4000,mm per 30-minute accumulation,valid_source_pixel,True,False,False,historical_observed_satellite_estimate
2022-08-31T00:15:00Z,2022-08-31T00:15:00Z,12.928051644393918,77.66,12.928051644393918,77.66,12.913014709012685,77.65869119208747,0.0,0.0,mosdac_insat3dr,3RIMG_L2B_IMC,4000,mm per 30-minute accumulation,valid_source_pixel,True,False,False,historical_observed_satellite_estimate
2022-08-31T00:45:00Z,2022-08-31T00:45:00Z,12.938051644393918,77.66,12.938051644393918,77.66,12.949191868562986,77.65869119208747,0.0,0.0,mosdac_insat3dr,3RIMG_L2B_IMC,4000,mm per 30-minute accumulation,valid_source_pixel,True,False,False,historical_observed_satellite_estimate
2022-08-31T00:45:00Z,2022-08-31T00:45:00Z,12.928051644393918,77.66,12.928051644393918,77.66,12.913014709012685,77.65869119208747,0.0,0.0,mosdac_insat3dr,3RIMG_L2B_IMC,4000,mm per 30-minute accumulation,valid_source_pixel,True,False,False,historical_observed_satellite_estimate
2022-08-31T01:15:00Z,2022-08-31T01:15:00Z,12.938051644393918,77.66,12.938051644393918,77.66,12.949191868562986,77.65869119208747,0.0,0.0,mosdac_insat3dr,3RIMG_L2B_IMC,4000,mm per 30-minute accumulation,valid_source_pixel,True,False,False,historical_observed_satellite_estimate
2022-08-31T01:15:00Z,2022-08-31T01:15:00Z,12.928051644393918,77.66,12.928051644393918,77.66,12.913014709012685,77.65869119208747,0.0,0.0,mosdac_insat3dr,3RIMG_L2B_IMC,4000,mm per 30-minute accumulation,valid_source_pixel,True,False,False,historical_observed_satellite_estimate
2022-08-31T01:45:00Z,2022-08-31T01:45:00Z,12.938051644393918,77.66,12.938051644393918,77.66,12.949191868562986,77.65869119208747,0.0,0.0,mosdac_insat3dr,3RIMG_L2B_IMC,4000,mm per 30-minute accumulation,valid_source_pixel,True,False,False,historical_observed_satellite_estimate
2022-08-31T01:45:00Z,2022-08-31T01:45:00Z,12.928051644393918,77.66,12.928051644393918,77.66,12.913014709012685,77.65869119208747,0.0,0.0,mosdac_insat3dr,3RIMG_L2B_IMC,4000,mm per 30-minute accumulation,valid_source_pixel,True,False,False,historical_observed_satellite_estimate
2022-08-31T02:15:00Z,2022-08-31T02:15:00Z,12.938051644393918,77.66,12.938051644393918,77.66,12.949191868562986,77.65869119208747,0.0,0.0,mosdac_insat3dr,3RIMG_L2B_IMC,4000,mm per 30-minute accumulation,valid_source_pixel,True,False,False,historical_observed_satellite_estimate
2022-08-31T02:15:00Z,2022-08-31T02:15:00Z,12.928051644393918,77.66,12.928051644393918,77.66,12.913014709012685,77.65869119208747,0.0,0.0,mosdac_insat3dr,3RIMG_L2B_IMC,4000,mm per 30-minute accumulation,valid_source_pixel,True,False,False,historical_observed_satellite_estimate
2022-08-31T02:45:00Z,2022-08-31T02:45:00Z,12.938051644393918,77.66,12.938051644393918,77.66,12.949191868562986,77.65869119208747,0.0,0.0,mosdac_insat3dr,3RIMG_L2B_IMC,4000,mm per 30-minute accumulation,valid_source_pixel,True,False,False,historical_observed_satellite_estimate
2022-08-31T02:45:00Z,2022-08-31T02:45:00Z,12.928051644393918,77.66,12.928051644393918,77.66,12.913014709012685,77.65869119208747,0.0,0.0,mosdac_insat3dr,3RIMG_L2B_IMC,4000,mm per 30-minute accumulation,valid_source_pixel,True,False,False,historical_observed_satellite_estimate
2022-08-31T03:15:00Z,2022-08-31T03:15:00Z,12.938051644393918,77.66,12.938051644393918,77.66,12.949191868562986,77.65869119208747,0.0,0.0,mosdac_insat3dr,3RIMG_L2B_IMC,4000,mm per 30-minute accumulation,valid_source_pixel,True,False,False,historical_observed_satellite_estimate
2022-08-31T03:15:00Z,2022-08-31T03:15:00Z,12.928051644393918,77.66,12.928051644393918,77.66,12.913014709012685,77.65869119208747,0.0,0.0,mosdac_insat3dr,3RIMG_L2B_IMC,4000,mm per 30-minute accumulation,valid_source_pixel,True,False,False,historical_observed_satellite_estimate
2022-08-31T03:45:00Z,2022-08-31T03:45:00Z,12.938051644393918,77.66,12.938051644393918,77.66,12.949191868562986,77.65869119208747,0.0,0.0,mosdac_insat3dr,3RIMG_L2B_IMC,4000,mm per 30-minute accumulation,valid_source_pixel,True,False,False,historical_observed_satellite_estimate
2022-08-31T03:45:00Z,2022-08-31T03:45:00Z,12.928051644393918,77.66,12.928051644393918,77.66,12.913014709012685,77.65869119208747,0.0,0.0,mosdac_insat3dr,3RIMG_L2B_IMC,4000,mm per 30-minute accumulation,valid_source_pixel,True,False,False,historical_observed_satellite_estimate
2022-08-31T04:15:00Z,2022-08-31T04:15:00Z,12.938051644393918,77.66,12.938051644393918,77.66,12.949191868562986,77.65869119208747,0.0,0.0,mosdac_insat3dr,3RIMG_L2B_IMC,4000,mm per 30-minute accumulation,valid_source_pixel,True,False,False,historical_observed_satellite_estimate
2022-08-31T04:15:00Z,2022-08-31T04:15:00Z,12.928051644393918,77.66,12.928051644393918,77.66,12.913014709012685,77.65869119208747,0.0,0.0,mosdac_insat3dr,3RIMG_L2B_IMC,4000,mm per 30-minute accumulation,valid_source_pixel,True,False,False,historical_observed_satellite_estimate
2022-08-31T04:45:00Z,2022-08-31T04:45:00Z,12.938051644393918,77.66,12.938051644393918,77.66,12.949191868562986,77.65869119208747,0.0,0.0,mosdac_insat3dr,3RIMG_L2B_IMC,4000,mm per 30-minute accumulation,valid_source_pixel,True,False,False,historical_observed_satellite_estimate
2022-08-31T04:45:00Z,2022-08-31T04:45:00Z,12.928051644393918,77.66,12.928051644393918,77.66,12.913014709012685,77.65869119208747,0.0,0.0,mosdac_insat3dr,3RIMG_L2B_IMC,4000,mm per 30-minute accumulation,valid_source_pixel,True,False,False,historical_observed_satellite_estimate
2022-08-31T05:15:00Z,2022-08-31T05:15:00Z,12.938051644393918,77.66,12.938051644393918,77.66,12.949191868562986,77.65869119208747,0.0,0.0,mosdac_insat3dr,3RIMG_L2B_IMC,4000,mm per 30-minute accumulation,valid_source_pixel,True,False,False,historical_observed_satellite_estimate
2022-08-31T05:15:00Z,2022-08-31T05:15:00Z,12.928051644393918,77.66,12.928051644393918,77.66,12.913014709012685,77.65869119208747,0.0,0.0,mosdac_insat3dr,3RIMG_L2B_IMC,4000,mm per 30-minute accumulation,valid_source_pixel,True,False,False,historical_observed_satellite_estimate
2022-08-31T05:45:00Z,2022-08-31T05:45:00Z,12.938051644393918,77.66,12.938051644393918,77.66,12.949191868562986,77.65869119208747,0.0,0.0,mosdac_insat3dr,3RIMG_L2B_IMC,4000,mm per 30-minute accumulation,valid_source_pixel,True,False,False,historical_observed_satellite_estimate
2022-08-31T05:45:00Z,2022-08-31T05:45:00Z,12.928051644393918,77.66,12.928051644393918,77.66,12.913014709012685,77.65869119208747,0.0,0.0,mosdac_insat3dr,3RIMG_L2B_IMC,4000,mm per 30-minute accumulation,valid_source_pixel,True,False,False,historical_observed_satellite_estimate
2022-08-31T06:15:00Z,2022-08-31T06:15:00Z,12.938051644393918,77.66,12.938051644393918,77.66,12.949191868562986,77.65869119208747,0.0,0.0,mosdac_insat3dr,3RIMG_L2B_IMC,4000,mm per 30-minute accumulation,valid_source_pixel,True,False,False,historical_observed_satellite_estimate
2022-08-31T06:15:00Z,2022-08-31T06:15:00Z,12.928051644393918,77.66,12.928051644393918,77.66,12.913014709012685,77.65869119208747,0.0,0.0,mosdac_insat3dr,3RIMG_L2B_IMC,4000,mm per 30-minute accumulation,valid_source_pixel,True,False,False,historical_observed_satellite_estimate
2022-08-31T06:45:00Z,2022-08-31T06:45:00Z,12.938051644393918,77.66,12.938051644393918,77.66,12.949191868562986,77.65869119208747,0.7683103084564209,1.5366206169128418,mosdac_insat3dr,3RIMG_L2B_IMC,4000,mm per 30-minute accumulation,valid_source_pixel,True,False,False,historical_observed_satellite_estimate
2022-08-31T06:45:00Z,2022-08-31T06:45:00Z,12.928051644393918,77.66,12.928051644393918,77.66,12.913014709012685,77.65869119208747,0.95127272605896,1.90254545211792,mosdac_insat3dr,3RIMG_L2B_IMC,4000,mm per 30-minute accumulation,valid_source_pixel,True,False,False,historical_observed_satellite_estimate
2022-08-31T07:15:00Z,2022-08-31T07:15:00Z,12.938051644393918,77.66,12.938051644393918,77.66,12.949191868562986,77.65869119208747,3.258518934249878,6.517037868499756,mosdac_insat3dr,3RIMG_L2B_IMC,4000,mm per 30-minute accumulation,valid_source_pixel,True,False,False,historical_observed_satellite_estimate
2022-08-31T07:15:00Z,2022-08-31T07:15:00Z,12.928051644393918,77.66,12.928051644393918,77.66,12.913014709012685,77.65869119208747,3.7025699615478516,7.405139923095703,mosdac_insat3dr,3RIMG_L2B_IMC,4000,mm per 30-minute accumulation,valid_source_pixel,True,False,False,historical_observed_satellite_estimate
2022-08-31T07:45:00Z,2022-08-31T07:45:00Z,12.938051644393918,77.66,12.938051644393918,77.66,12.949191868562986,77.65869119208747,0.19834165275096893,0.39668330550193787,mosdac_insat3dr,3RIMG_L2B_IMC,4000,mm per 30-minute accumulation,valid_source_pixel,True,False,False,historical_observed_satellite_estimate
2022-08-31T07:45:00Z,2022-08-31T07:45:00Z,12.928051644393918,77.66,12.928051644393918,77.66,12.913014709012685,77.65869119208747,0.20215551555156708,0.40431103110313416,mosdac_insat3dr,3RIMG_L2B_IMC,4000,mm per 30-minute accumulation,valid_source_pixel,True,False,False,historical_observed_satellite_estimate
2022-08-31T08:15:00Z,2022-08-31T08:15:00Z,12.938051644393918,77.66,12.938051644393918,77.66,12.949191868562986,77.65869119208747,0.192036435008049,0.384072870016098,mosdac_insat3dr,3RIMG_L2B_IMC,4000,mm per 30-minute accumulation,valid_source_pixel,True,False,False,historical_observed_satellite_estimate
2022-08-31T08:15:00Z,2022-08-31T08:15:00Z,12.928051644393918,77.66,12.928051644393918,77.66,12.913014709012685,77.65869119208747,0.19930393993854523,0.39860787987709045,mosdac_insat3dr,3RIMG_L2B_IMC,4000,mm per 30-minute accumulation,valid_source_pixel,True,False,False,historical_observed_satellite_estimate
2022-08-31T08:45:00Z,2022-08-31T08:45:00Z,12.938051644393918,77.66,12.938051644393918,77.66,12.949191868562986,77.65869119208747,0.1385331153869629,0.2770662307739258,mosdac_insat3dr,3RIMG_L2B_IMC,4000,mm per 30-minute accumulation,valid_source_pixel,True,False,False,historical_observed_satellite_estimate
2022-08-31T08:45:00Z,2022-08-31T08:45:00Z,12.928051644393918,77.66,12.928051644393918,77.66,12.913014709012685,77.65869119208747,0.1373452991247177,0.2746905982494354,mosdac_insat3dr,3RIMG_L2B_IMC,4000,mm per 30-minute accumulation,valid_source_pixel,True,False,False,historical_observed_satellite_estimate
2022-08-31T09:15:00Z,2022-08-31T09:15:00Z,12.938051644393918,77.66,12.938051644393918,77.66,12.949191868562986,77.65869119208747,0.04480031877756119,0.08960063755512238,mosdac_insat3dr,3RIMG_L2B_IMC,4000,mm per 30-minute accumulation,valid_source_pixel,True,False,False,historical_observed_satellite_estimate
2022-08-31T09:15:00Z,2022-08-31T09:15:00Z,12.928051644393918,77.66,12.928051644393918,77.66,12.913014709012685,77.65869119208747,0.03498110547661781,0.06996221095323563,mosdac_insat3dr,3RIMG_L2B_IMC,4000,mm per 30-minute accumulation,valid_source_pixel,True,False,False,historical_observed_satellite_estimate
2022-08-31T09:45:00Z,2022-08-31T09:45:00Z,12.938051644393918,77.66,12.938051644393918,77.66,12.949191868562986,77.65869119208747,0.29492872953414917,0.5898574590682983,mosdac_insat3dr,3RIMG_L2B_IMC,4000,mm per 30-minute accumulation,valid_source_pixel,True,False,False,historical_observed_satellite_estimate
2022-08-31T09:45:00Z,2022-08-31T09:45:00Z,12.928051644393918,77.66,12.928051644393918,77.66,12.913014709012685,77.65869119208747,0.271622896194458,0.543245792388916,mosdac_insat3dr,3RIMG_L2B_IMC,4000,mm per 30-minute accumulation,valid_source_pixel,True,False,False,historical_observed_satellite_estimate
2022-08-31T10:15:00Z,2022-08-31T10:15:00Z,12.938051644393918,77.66,12.938051644393918,77.66,12.949191868562986,77.65869119208747,0.7596150636672974,1.5192301273345947,mosdac_insat3dr,3RIMG_L2B_IMC,4000,mm per 30-minute accumulation,valid_source_pixel,True,False,False,historical_observed_satellite_estimate
2022-08-31T10:15:00Z,2022-08-31T10:15:00Z,12.928051644393918,77.66,12.928051644393918,77.66,12.913014709012685,77.65869119208747,0.03609560802578926,0.07219121605157852,mosdac_insat3dr,3RIMG_L2B_IMC,4000,mm per 30-minute accumulation,valid_source_pixel,True,False,False,historical_observed_satellite_estimate
2022-08-31T10:45:00Z,2022-08-31T10:45:00Z,12.938051644393918,77.66,12.938051644393918,77.66,12.949191868562986,77.65869119208747,0.7935894727706909,1.5871789455413818,mosdac_insat3dr,3RIMG_L2B_IMC,4000,mm per 30-minute accumulation,valid_source_pixel,True,False,False,historical_observed_satellite_estimate
2022-08-31T10:45:00Z,2022-08-31T10:45:00Z,12.928051644393918,77.66,12.928051644393918,77.66,12.913014709012685,77.65869119208747,0.6593543887138367,1.3187087774276733,mosdac_insat3dr,3RIMG_L2B_IMC,4000,mm per 30-minute accumulation,valid_source_pixel,True,False,False,historical_observed_satellite_estimate
2022-08-31T11:15:00Z,2022-08-31T11:15:00Z,12.938051644393918,77.66,12.938051644393918,77.66,12.949191868562986,77.65869119208747,0.04702666029334068,0.09405332058668137,mosdac_insat3dr,3RIMG_L2B_IMC,4000,mm per 30-minute accumulation,valid_source_pixel,True,False,False,historical_observed_satellite_estimate
2022-08-31T11:15:00Z,2022-08-31T11:15:00Z,12.928051644393918,77.66,12.928051644393918,77.66,12.913014709012685,77.65869119208747,0.035209354013204575,0.07041870802640915,mosdac_insat3dr,3RIMG_L2B_IMC,4000,mm per 30-minute accumulation,valid_source_pixel,True,False,False,historical_observed_satellite_estimate
2022-08-31T11:45:00Z,2022-08-31T11:45:00Z,12.938051644393918,77.66,12.938051644393918,77.66,12.949191868562986,77.65869119208747,0.031411077827215195,0.06282215565443039,mosdac_insat3dr,3RIMG_L2B_IMC,4000,mm per 30-minute accumulation,valid_source_pixel,True,False,False,historical_observed_satellite_estimate
2022-08-31T11:45:00Z,2022-08-31T11:45:00Z,12.928051644393918,77.66,12.928051644393918,77.66,12.913014709012685,77.65869119208747,0.030065609142184258,0.060131218284368515,mosdac_insat3dr,3RIMG_L2B_IMC,4000,mm per 30-minute accumulation,valid_source_pixel,True,False,False,historical_observed_satellite_estimate
2022-08-31T12:15:00Z,2022-08-31T12:15:00Z,12.938051644393918,77.66,12.938051644393918,77.66,12.949191868562986,77.65869119208747,0.0,0.0,mosdac_insat3dr,3RIMG_L2B_IMC,4000,mm per 30-minute accumulation,valid_source_pixel,True,False,False,historical_observed_satellite_estimate
2022-08-31T12:15:00Z,2022-08-31T12:15:00Z,12.928051644393918,77.66,12.928051644393918,77.66,12.913014709012685,77.65869119208747,0.0,0.0,mosdac_insat3dr,3RIMG_L2B_IMC,4000,mm per 30-minute accumulation,valid_source_pixel,True,False,False,historical_observed_satellite_estimate
2022-08-31T12:45:00Z,2022-08-31T12:45:00Z,12.938051644393918,77.66,12.938051644393918,77.66,12.949191868562986,77.65869119208747,0.0,0.0,mosdac_insat3dr,3RIMG_L2B_IMC,4000,mm per 30-minute accumulation,valid_source_pixel,True,False,False,historical_observed_satellite_estimate
2022-08-31T12:45:00Z,2022-08-31T12:45:00Z,12.928051644393918,77.66,12.928051644393918,77.66,12.913014709012685,77.65869119208747,0.0,0.0,mosdac_insat3dr,3RIMG_L2B_IMC,4000,mm per 30-minute accumulation,valid_source_pixel,True,False,False,historical_observed_satellite_estimate
2022-08-31T13:15:00Z,2022-08-31T13:15:00Z,12.938051644393918,77.66,12.938051644393918,77.66,12.949191868562986,77.65869119208747,0.0,0.0,mosdac_insat3dr,3RIMG_L2B_IMC,4000,mm per 30-minute accumulation,valid_source_pixel,True,False,False,historical_observed_satellite_estimate
2022-08-31T13:15:00Z,2022-08-31T13:15:00Z,12.928051644393918,77.66,12.928051644393918,77.66,12.913014709012685,77.65869119208747,0.0,0.0,mosdac_insat3dr,3RIMG_L2B_IMC,4000,mm per 30-minute accumulation,valid_source_pixel,True,False,False,historical_observed_satellite_estimate
2022-08-31T13:45:00Z,2022-08-31T13:45:00Z,12.938051644393918,77.66,12.938051644393918,77.66,12.949191868562986,77.65869119208747,0.0,0.0,mosdac_insat3dr,3RIMG_L2B_IMC,4000,mm per 30-minute accumulation,valid_source_pixel,True,False,False,historical_observed_satellite_estimate
2022-08-31T13:45:00Z,2022-08-31T13:45:00Z,12.928051644393918,77.66,12.928051644393918,77.66,12.913014709012685,77.65869119208747,0.0,0.0,mosdac_insat3dr,3RIMG_L2B_IMC,4000,mm per 30-minute accumulation,valid_source_pixel,True,False,False,historical_observed_satellite_estimate
2022-08-31T14:15:00Z,2022-08-31T14:15:00Z,12.938051644393918,77.66,12.938051644393918,77.66,12.949191868562986,77.65869119208747,0.0,0.0,mosdac_insat3dr,3RIMG_L2B_IMC,4000,mm per 30-minute accumulation,valid_source_pixel,True,False,False,historical_observed_satellite_estimate
2022-08-31T14:15:00Z,2022-08-31T14:15:00Z,12.928051644393918,77.66,12.928051644393918,77.66,12.913014709012685,77.65869119208747,0.0,0.0,mosdac_insat3dr,3RIMG_L2B_IMC,4000,mm per 30-minute accumulation,valid_source_pixel,True,False,False,historical_observed_satellite_estimate
2022-08-31T14:45:00Z,2022-08-31T14:45:00Z,12.938051644393918,77.66,12.938051644393918,77.66,12.949191868562986,77.65869119208747,0.0,0.0,mosdac_insat3dr,3RIMG_L2B_IMC,4000,mm per 30-minute accumulation,valid_source_pixel,True,False,False,historical_observed_satellite_estimate
2022-08-31T14:45:00Z,2022-08-31T14:45:00Z,12.928051644393918,77.66,12.928051644393918,77.66,12.913014709012685,77.65869119208747,0.0,0.0,mosdac_insat3dr,3RIMG_L2B_IMC,4000,mm per 30-minute accumulation,valid_source_pixel,True,False,False,historical_observed_satellite_estimate
2022-08-31T15:15:00Z,2022-08-31T15:15:00Z,12.938051644393918,77.66,12.938051644393918,77.66,12.949191868562986,77.65869119208747,0.0,0.0,mosdac_insat3dr,3RIMG_L2B_IMC,4000,mm per 30-minute accumulation,valid_source_pixel,True,False,False,historical_observed_satellite_estimate
2022-08-31T15:15:00Z,2022-08-31T15:15:00Z,12.928051644393918,77.66,12.928051644393918,77.66,12.913014709012685,77.65869119208747,0.0,0.0,mosdac_insat3dr,3RIMG_L2B_IMC,4000,mm per 30-minute accumulation,valid_source_pixel,True,False,False,historical_observed_satellite_estimate
2022-08-31T15:45:00Z,2022-08-31T15:45:00Z,12.938051644393918,77.66,12.938051644393918,77.66,12.949191868562986,77.65869119208747,0.0,0.0,mosdac_insat3dr,3RIMG_L2B_IMC,4000,mm per 30-minute accumulation,valid_source_pixel,True,False,False,historical_observed_satellite_estimate
2022-08-31T15:45:00Z,2022-08-31T15:45:00Z,12.928051644393918,77.66,12.928051644393918,77.66,12.913014709012685,77.65869119208747,0.0,0.0,mosdac_insat3dr,3RIMG_L2B_IMC,4000,mm per 30-minute accumulation,valid_source_pixel,True,False,False,historical_observed_satellite_estimate
2022-08-31T16:15:00Z,2022-08-31T16:15:00Z,12.938051644393918,77.66,12.938051644393918,77.66,12.949191868562986,77.65869119208747,0.0,0.0,mosdac_insat3dr,3RIMG_L2B_IMC,4000,mm per 30-minute accumulation,valid_source_pixel,True,False,False,historical_observed_satellite_estimate
2022-08-31T16:15:00Z,2022-08-31T16:15:00Z,12.928051644393918,77.66,12.928051644393918,77.66,12.913014709012685,77.65869119208747,0.0,0.0,mosdac_insat3dr,3RIMG_L2B_IMC,4000,mm per 30-minute accumulation,valid_source_pixel,True,False,False,historical_observed_satellite_estimate
2022-08-31T16:45:00Z,2022-08-31T16:45:00Z,12.938051644393918,77.66,12.938051644393918,77.66,12.949191868562986,77.65869119208747,0.0,0.0,mosdac_insat3dr,3RIMG_L2B_IMC,4000,mm per 30-minute accumulation,valid_source_pixel,True,False,False,historical_observed_satellite_estimate
2022-08-31T16:45:00Z,2022-08-31T16:45:00Z,12.928051644393918,77.66,12.928051644393918,77.66,12.913014709012685,77.65869119208747,0.0,0.0,mosdac_insat3dr,3RIMG_L2B_IMC,4000,mm per 30-minute accumulation,valid_source_pixel,True,False,False,historical_observed_satellite_estimate
2022-08-31T22:15:00Z,2022-08-31T22:15:00Z,12.938051644393918,77.66,12.938051644393918,77.66,12.949191868562986,77.65869119208747,0.0,0.0,mosdac_insat3dr,3RIMG_L2B_IMC,4000,mm per 30-minute accumulation,valid_source_pixel,True,False,False,historical_observed_satellite_estimate
2022-08-31T22:15:00Z,2022-08-31T22:15:00Z,12.928051644393918,77.66,12.928051644393918,77.66,12.913014709012685,77.65869119208747,0.0,0.0,mosdac_insat3dr,3RIMG_L2B_IMC,4000,mm per 30-minute accumulation,valid_source_pixel,True,False,False,historical_observed_satellite_estimate
2022-08-31T22:45:00Z,2022-08-31T22:45:00Z,12.938051644393918,77.66,12.938051644393918,77.66,12.949191868562986,77.65869119208747,0.0,0.0,mosdac_insat3dr,3RIMG_L2B_IMC,4000,mm per 30-minute accumulation,valid_source_pixel,True,False,False,historical_observed_satellite_estimate
2022-08-31T22:45:00Z,2022-08-31T22:45:00Z,12.928051644393918,77.66,12.928051644393918,77.66,12.913014709012685,77.65869119208747,0.0,0.0,mosdac_insat3dr,3RIMG_L2B_IMC,4000,mm per 30-minute accumulation,valid_source_pixel,True,False,False,historical_observed_satellite_estimate
2022-08-31T23:15:00Z,2022-08-31T23:15:00Z,12.938051644393918,77.66,12.938051644393918,77.66,12.949191868562986,77.65869119208747,0.0,0.0,mosdac_insat3dr,3RIMG_L2B_IMC,4000,mm per 30-minute accumulation,valid_source_pixel,True,False,False,historical_observed_satellite_estimate
2022-08-31T23:15:00Z,2022-08-31T23:15:00Z,12.928051644393918,77.66,12.928051644393918,77.66,12.913014709012685,77.65869119208747,0.0,0.0,mosdac_insat3dr,3RIMG_L2B_IMC,4000,mm per 30-minute accumulation,valid_source_pixel,True,False,False,historical_observed_satellite_estimate
2022-08-31T23:45:00Z,2022-08-31T23:45:00Z,12.938051644393918,77.66,12.938051644393918,77.66,12.949191868562986,77.65869119208747,0.0,0.0,mosdac_insat3dr,3RIMG_L2B_IMC,4000,mm per 30-minute accumulation,valid_source_pixel,True,False,False,historical_observed_satellite_estimate
2022-08-31T23:45:00Z,2022-08-31T23:45:00Z,12.928051644393918,77.66,12.928051644393918,77.66,12.913014709012685,77.65869119208747,0.0,0.0,mosdac_insat3dr,3RIMG_L2B_IMC,4000,mm per 30-minute accumulation,valid_source_pixel,True,False,False,historical_observed_satellite_estimate
